"""Customer Provided Item"" cannot be Purchase Item also",
"""Customer Provided Item"" cannot have Valuation Rate",
"""Is Fixed Asset"" cannot be unchecked,
'Based On' and 'Group By' can not be same,
'Days Since Last Order' must be greater than or equal to zero,
'Entries' cannot be empty,
'From Date' is required,
'From Date' must be after 'To Date',
'Has Serial No' can not be 'Yes' for non-stock item,
'Opening',
'To Case No.' cannot be less than 'From Case No.',
'To Date' is required,
'Total',
'Update Stock' can not be checked because items are not delivered via {0},
'Update Stock' cannot be checked for fixed asset sale,
1 exact match.,
90-Above,
A Customer Group exists with same name please change the Customer name or rename the Customer Group,
A Default Service Level Agreement already exists.,
A Lead requires either a person's name or an organization's name,
A customer with the same name already exists,
A question must have more than one options,
A qustion must have at least one correct options,
A4,
API Endpoint,
API Key,
Abbr can not be blank or space,
Abbreviation already used for another company,
Abbreviation cannot have more than 5 characters,
Abbreviation is mandatory,
About the Company,
About your company,
Above,
Academic Term,
Academic Term: ,
Academic Year,
Academic Year: ,
Accepted + Rejected Qty must be equal to Received quantity for Item {0},
Access Token,
Accessable Value,
Account,
Account Number,
Account Number {0} already used in account {1},
Account Pay Only,
Account Type,
Account Type for {0} must be {1},
"Account balance already in Credit,
"Account balance already in Debit,
Account number for account {0} is not available.<br> Please setup your Chart of Accounts correctly.,
Account with child nodes cannot be converted to ledger,
Account with child nodes cannot be set as ledger,
Account with existing transaction can not be converted to group.,
Account with existing transaction can not be deleted,
Account with existing transaction cannot be converted to ledger,
Account {0} does not belong to company: {1},
Account {0} does not belongs to company {1},
Account {0} does not exist,
Account {0} does not exists,
Account {0} does not match with Company {1} in Mode of Account: {2},
Account {0} has been entered multiple times,
Account {0} is added in the child company {1},
Account {0} is frozen,
Account {0} is invalid. Account Currency must be {1},
Account {0}: Parent account {1} can not be a ledger,
Account {0}: Parent account {1} does not belong to company: {2},
Account {0}: Parent account {1} does not exist,
Account {0}: You can not assign itself as parent account,
Account: {0} can only be updated via Stock Transactions,
Account: {0} with currency: {1} can not be selected,
Accountant,
Accounting,
Accounting Entry for Asset,
Accounting Entry for Stock,
Accounting Entry for {0}: {1} can only be made in currency: {2},
Accounting Ledger,
Accounting journal entries.,
Accounts,
Accounts Manager,
Accounts Payable,
Accounts Payable Summary,
Accounts Receivable,
Accounts Receivable Summary,
Accounts User,
Accounts table cannot be blank.,
Accumulated Depreciation,
Accumulated Depreciation Amount,
Accumulated Depreciation as on,
Accumulated Monthly,
Accumulated Values,
Accumulated Values in Group Company,
Achieved ({}),
Action,
Action Initialised,
Actions,
Active,
Activity Cost exists for Employee {0} against Activity Type - {1},
Activity Cost per Employee,
Activity Type,
Actual Cost,
Actual Delivery Date,
Actual Qty,
Actual Qty is mandatory,
Actual Qty {0} / Waiting Qty {1},
Actual Qty: Quantity available in the warehouse.,
Actual qty in stock,
Actual type tax cannot be included in Item rate in row {0},
Add,
Add / Edit Prices,
Add Comment,
Add Customers,
Add Employees,
Add Item,
Add Items,
Add Leads,
Add Multiple Tasks,
Add Sales Partners,
Add Serial No,
Add Students,
Add Suppliers,
Add Time Slots,
Add Timesheets,
Add Timeslots,
Add Users to Marketplace,
Add a new address,
Add cards or custom sections on homepage,
Add more items or open full form,
Add notes,
Add the rest of your organization as your users. You can also add invite Customers to your portal by adding them from Contacts,
Add/Remove Recipients,
Added,
Added {0} users,
Additional Salary Component Exists.,
Address,
Address Line 2,
Address Name,
Address Title,
Address Type,
Administrative Expenses,
Administrative Officer,
Administrator,
Admission,
Admission and Enrollment,
Admissions for {0},
Admit,
Admitted,
Advance Amount,
Advance Payments,
Advance account currency should be same as company currency {0},
Advance amount cannot be greater than {0} {1},
Advertising,
Aerospace,
Against,
Against Account,
Against Journal Entry {0} does not have any unmatched {1} entry,
Against Journal Entry {0} is already adjusted against some other voucher,
Against Supplier Invoice {0} dated {1},
Against Voucher,
Against Voucher Type,
Age,
Age (Days),
Ageing Based On,
Ageing Range 1,
Ageing Range 2,
Ageing Range 3,
Agriculture,
Agriculture (beta),
Airline,
All Accounts,
All Addresses.,
All Assessment Groups,
All BOMs,
All Contacts.,
All Customer Groups,
All Day,
All Departments,
All Healthcare Service Units,
All Item Groups,
All Products,
All Products or Services.,
All Student Admissions,
All Supplier Groups,
All Supplier scorecards.,
All Territories,
All Warehouses,
All communications including and above this shall be moved into the new Issue,
All items have already been transferred for this Work Order.,
All other ITC,
All the mandatory Task for employee creation hasn't been done yet.,
Allocate Payment Amount,
Allocated Amount,
Allocating leaves...,
Already record exists for the item {0},
"Already set default in pos profile {0} for user {1},
Alternate Item,
Alternative item must not be same as item code,
Amended From,
Amount,
Amount After Depreciation,
Amount of Integrated Tax,
Amount of TDS Deducted,
Amount should not be less than zero.,
Amount to Bill,
Amount {0} {1} against {2} {3},
Amount {0} {1} deducted against {2},
Amount {0} {1} transferred from {2} to {3},
Amount {0} {1} {2} {3},
Amt,
"An Item Group exists with same name,
An academic term with this 'Academic Year' {0} and 'Term Name' {1} already exists. Please modify these entries and try again.,
An error occurred during the update process,
"An item exists with same name ({0}),
Analyst,
Annual Billing: {0},
Another Budget record '{0}' already exists against {1} '{2}' and account '{3}' for fiscal year {4},
Another Period Closing Entry {0} has been made after {1},
Another Sales Person {0} exists with the same Employee id,
Antibiotic,
Apparel & Accessories,
Applicable For,
"Applicable if the company is SpA,
Applicable if the company is a limited liability company,
Applicable if the company is an Individual or a Proprietorship,
Application of Funds (Assets),
Applied,
Appointment Confirmation,
Appointment Duration (mins),
Appointment Type,
Appointment {0} and Sales Invoice {1} cancelled,
Appointments and Encounters,
Appointments and Patient Encounters,
Appraisal {0} created for Employee {1} in the given date range,
Approving Role cannot be same as role the rule is Applicable To,
Approving User cannot be same as user the rule is Applicable To,
"Apps using current key won't be able to access,
Are you sure you want to cancel this appointment?,
Arrear,
As Examiner,
As On Date,
As Supervisor,
As per rules 42 & 43 of CGST Rules,
As per section 17(5),
Assessment,
Assessment Criteria,
Assessment Group,
Assessment Group: ,
Assessment Plan,
Assessment Plan Name,
Assessment Report,
Assessment Reports,
Assessment Result,
Assessment Result record {0} already exists.,
Asset,
Asset Category,
Asset Category is mandatory for Fixed Asset item,
Asset Maintenance,
Asset Movement,
Asset Movement record {0} created,
Asset Name,
Asset Received But Not Billed,
Asset Value Adjustment,
"Asset cannot be cancelled,
Asset scrapped via Journal Entry {0},
"Asset {0} cannot be scrapped,
Asset {0} does not belong to company {1},
Asset {0} must be submitted,
Assets,
Assign To,
Associate,
At least one mode of payment is required for POS invoice.,
Atleast one item should be entered with negative quantity in return document,
Atleast one of the Selling or Buying must be selected,
Atleast one warehouse is mandatory,
Attach Logo,
Attachment,
Attachments,
Attendance can not be marked for future dates,
Attendance date can not be less than employee's joining date,
Attendance for employee {0} is already marked,
Attendance has been marked successfully.,
Attendance not submitted for {0} as {1} on leave.,
Attribute table is mandatory,
Attribute {0} selected multiple times in Attributes Table,
Authorized Signatory,
Auto Material Requests Generated,
Auto Repeat,
Auto repeat document updated,
Automotive,
Available,
Available Qty,
Available Selling,
Available for use date is required,
Available slots,
Available {0},
Available-for-use Date should be after purchase date,
Average Age,
Average Rate,
Avg Daily Outgoing,
Avg. Buying Price List Rate,
Avg. Selling Price List Rate,
Avg. Selling Rate,
BOM,
BOM Browser,
BOM No,
BOM Rate,
BOM Stock Report,
BOM and Manufacturing Quantity are required,
BOM does not contain any stock item,
BOM {0} does not belong to Item {1},
BOM {0} must be active,
BOM {0} must be submitted,
Balance,
Balance (Dr - Cr),
Balance ({0}),
Balance Qty,
Balance Sheet,
Balance Value,
Balance for Account {0} must always be {1},
Bank,
Bank Account,
Bank Accounts,
Bank Draft,
Bank Name,
Bank Overdraft Account,
Bank Reconciliation,
Bank Reconciliation Statement,
Bank Statement,
Bank Statement Settings,
Bank Statement balance as per General Ledger,
Bank account cannot be named as {0},
Bank/Cash transactions against party or for internal transfer,
Banking,
Banking and Payments,
Barcode {0} already used in Item {1},
Barcode {0} is not a valid {1} code,
Base URL,
Based On,
Based On Payment Terms,
Batch,
Batch Entries,
Batch ID is mandatory,
Batch Inventory,
Batch Name,
Batch No,
Batch number is mandatory for Item {0},
Batch {0} of Item {1} has expired.,
Batch {0} of Item {1} is disabled.,
Batch: ,
Batches,
Become a Seller,
Bill,
Bill Date,
Bill No,
Bill of Materials,
Bill of Materials (BOM),
Billable Hours,
Billed,
Billed Amount,
Billing Address,
Billing Address is same as Shipping Address,
Billing Amount,
Billing Status,
Billing currency must be equal to either default company's currency or party account currency,
Bills raised by Suppliers.,
Bills raised to Customers.,
Biotechnology,
Black,
Blanket Orders from Costumers.,
Block Invoice,
Boms,
Both Trial Period Start Date and Trial Period End Date must be set,
Both Warehouse must belong to same Company,
Branch,
Broadcasting,
Brokerage,
Browse BOM,
Budget Against,
Budget List,
Budget Variance Report,
Budget cannot be assigned against Group Account {0},
"Budget cannot be assigned against {0},
Buildings,
Bundle items at time of sale.,
Business Development Manager,
Buy,
Buying,
Buying Amount,
Buying Price List,
Buying Rate,
"Buying must be checked,
By {0},
Bypass credit check at Sales Order ,
C-Form records,
C-form is not applicable for Invoice: {0},
CEO,
CESS Amount,
CGST Amount,
CRM,
CWIP Account,
Calculated Bank Statement balance,
Campaign,
Can be approved by {0},
"Can not filter based on Account,
"Can not filter based on Voucher No,
"Can not mark Inpatient Record Discharged,
Can only make payment against unbilled {0},
Can refer row only if the charge type is 'On Previous Row Amount' or 'Previous Row Total',
"Can't change valuation method,
Can't create standard criteria. Please rename the criteria,
Cancel,
Cancel Material Visit {0} before cancelling this Warranty Claim,
Cancel Material Visits {0} before cancelling this Maintenance Visit,
Cancel Subscription,
Cancel the journal entry {0} first,
Canceled,
"Cannot Submit,
Cannot be a fixed asset item as Stock Ledger is created.,
Cannot cancel because submitted Stock Entry {0} exists,
Cannot cancel transaction for Completed Work Order.,
Cannot cancel {0} {1} because Serial No {2} does not belong to the warehouse {3},
Cannot change Attributes after stock transaction. Make a new Item and transfer stock to the new Item,
Cannot change Fiscal Year Start Date and Fiscal Year End Date once the Fiscal Year is saved.,
Cannot change Service Stop Date for item in row {0},
Cannot change Variant properties after stock transaction. You will have to make a new Item to do this.,
"Cannot change company's default currency,
Cannot change status as student {0} is linked with student application {1},
Cannot convert Cost Center to ledger as it has child nodes,
Cannot covert to Group because Account Type is selected.,
Cannot create Retention Bonus for left Employees,
Cannot create a Delivery Trip from Draft documents.,
Cannot deactivate or cancel BOM as it is linked with other BOMs,
"Cannot declare as lost,
Cannot deduct when category is for 'Valuation' or 'Valuation and Total',
Cannot deduct when category is for 'Valuation' or 'Vaulation and Total',
"Cannot delete Serial No {0},
Cannot enroll more than {0} students for this student group.,
Cannot produce more Item {0} than Sales Order quantity {1},
Cannot promote Employee with status Left,
Cannot refer row number greater than or equal to current row number for this Charge type,
Cannot select charge type as 'On Previous Row Amount' or 'On Previous Row Total' for first row,
Cannot set as Lost as Sales Order is made.,
Cannot set authorization on basis of Discount for {0},
Cannot set multiple Item Defaults for a company.,
Cannot set quantity less than delivered quantity,
Cannot set quantity less than received quantity,
Cannot set the field <b>{0}</b> for copying in variants,
Cannot transfer Employee with status Left,
Cannot {0} {1} {2} without any negative outstanding invoice,
Capital Equipments,
Capital Stock,
Capital Work in Progress,
Cart,
Cart is Empty,
Case No(s) already in use. Try from Case No {0},
Cash,
Cash Flow Statement,
Cash Flow from Financing,
Cash Flow from Investing,
Cash Flow from Operations,
Cash In Hand,
Cash or Bank Account is mandatory for making payment entry,
Cashier Closing,
Category,
Category Name,
Caution,
Central Tax,
Certification,
Cess,
Change Amount,
Change Item Code,
Change Release Date,
Change Template Code,
Changing Customer Group for the selected Customer is not allowed.,
Chapter,
Chapter information.,
Charge of type 'Actual' in row {0} cannot be included in Item Rate,
Chargeble,
Charges are updated in Purchase Receipt against each item,
"Charges will be distributed proportionately based on item qty or amount,
Chart of Cost Centers,
Check all,
Checkout,
Chemical,
Cheque,
Cheque/Reference No,
Cheques Required,
Cheques and Deposits incorrectly cleared,
Child Task exists for this Task. You can not delete this Task.,
Child nodes can be only created under 'Group' type nodes,
Child warehouse exists for this warehouse. You can not delete this warehouse.,
Circular Reference Error,
City,
City/Town,
Clay,
Clear filters,
Clear values,
Clearance Date,
Clearance Date not mentioned,
Clearance Date updated,
Client,
Client ID,
Client Secret,
Clinical Procedure,
Clinical Procedure Template,
Close Balance Sheet and book Profit or Loss.,
Close Loan,
Close the POS,
Closed,
Closed order cannot be cancelled. Unclose to cancel.,
Closing (Cr),
Closing (Dr),
Closing (Opening + Total),
Closing Account {0} must be of type Liability / Equity,
Closing Balance,
Code,
Collapse All,
Color,
Colour,
Combined invoice portion must equal 100%,
Commercial,
Commission,
Commission Rate %,
Commission on Sales,
Commission rate cannot be greater than 100,
Community Forum,
Company (not Customer or Supplier) master.,
Company Abbreviation,
Company Abbreviation cannot have more than 5 characters,
Company Name,
Company Name cannot be Company,
Company currencies of both the companies should match for Inter Company Transactions.,
Company is manadatory for company account,
Company name not same,
Company {0} does not exist,
Compensatory leave request days not in valid holidays,
Complaint,
Completion Date,
Computer,
Condition,
Configure,
Configure {0},
Confirmed orders from Customers.,
Connect Amazon with ERPNext,
Connect Shopify with ERPNext,
Connect to Quickbooks,
Connected to QuickBooks,
Connecting to QuickBooks,
Consultation,
Consultations,
Consulting,
Consumable,
Consumed,
Consumed Amount,
Consumed Qty,
Consumer Products,
Contact,
Contact Us,
Content,
Content Masters,
Content Type,
Continue Configuration,
Contract,
Contract End Date must be greater than Date of Joining,
Contribution %,
Contribution Amount,
Conversion factor for default Unit of Measure must be 1 in row {0},
Conversion rate cannot be 0 or 1,
Convert to Group,
Convert to Non-Group,
Cosmetics,
Cost Center,
Cost Center Number,
Cost Center and Budgeting,
Cost Center is required in row {0} in Taxes table for type {1},
Cost Center with existing transactions can not be converted to group,
Cost Center with existing transactions can not be converted to ledger,
Cost Centers,
Cost Updated,
Cost as on,
Cost of Delivered Items,
Cost of Goods Sold,
Cost of Issued Items,
Cost of New Purchase,
Cost of Purchased Items,
Cost of Scrapped Asset,
Cost of Sold Asset,
Cost of various activities,
"Could not create Credit Note automatically,
Could not generate Secret,
Could not retrieve information for {0}.,
Could not solve criteria score function for {0}. Make sure the formula is valid.,
Could not solve weighted score function. Make sure the formula is valid.,
Could not submit some Salary Slips,
"Could not update stock,
Country wise default Address Templates,
Course Code: ,
Course Enrollment {0} does not exists,
Course Schedule,
Course: ,
Cr,
Create,
Create BOM,
Create Delivery Trip,
Create Employee,
Create Employee Records,
"Create Employee records to manage leaves,
Create Fee Schedule,
Create Fees,
Create Inter Company Journal Entry,
Create Invoice,
Create Invoices,
Create Job Card,
Create Journal Entry,
Create Lead,
Create Leads,
Create Maintenance Visit,
Create Material Request,
Create Multiple,
Create Opening Sales and Purchase Invoices,
Create Payment Entries,
Create Payment Entry,
Create Print Format,
Create Purchase Order,
Create Purchase Orders,
Create Quotation,
Create Sales Invoice,
Create Sales Order,
Create Sales Orders to help you plan your work and deliver on-time,
Create Sample Retention Stock Entry,
Create Student,
Create Student Batch,
Create Student Groups,
Create Supplier Quotation,
Create Tax Template,
Create Timesheet,
Create User,
Create Users,
Create Variant,
Create Variants,
"Create and manage daily,
Create customer quotes,
Create rules to restrict transactions based on values.,
Created {0} scorecards for {1} between: ,
Creating Company and Importing Chart of Accounts,
Creating Fees,
Creating student groups,
Creating {0} Invoice,
Credit,
Credit ({0}),
Credit Account,
Credit Balance,
Credit Card,
Credit Days cannot be a negative number,
Credit Limit,
Credit Note,
Credit Note Amount,
Credit Note Issued,
Credit Note {0} has been created automatically,
Credit limit has been crossed for customer {0} ({1}/{2}),
Creditors,
Criteria weights must add up to 100%,
Crop Cycle,
Crops & Lands,
Currency Exchange must be applicable for Buying or for Selling.,
Currency can not be changed after making entries using some other currency,
Currency exchange rate master.,
Currency for {0} must be {1},
Currency is required for Price List {0},
Currency of the Closing Account must be {0},
Currency of the price list {0} must be {1} or {2},
Currency should be same as Price List Currency: {0},
Current Assets,
Current BOM and New BOM can not be same,
Current Liabilities,
Current Qty,
Current invoice {0} is missing,
Custom HTML,
Custom?,
Customer,
Customer Addresses And Contacts,
Customer Contact,
Customer Database.,
Customer Group,
Customer LPO,
Customer LPO No.,
Customer Name,
Customer POS Id,
Customer Service,
Customer and Supplier,
Customer is required,
Customer isn't enrolled in any Loyalty Program,
Customer required for 'Customerwise Discount',
Customer {0} does not belong to project {1},
Customer {0} is created.,
Customers in Queue,
Customize Homepage Sections,
Customizing Forms,
Daily Project Summary for {0},
Daily Reminders,
Data Import and Export,
Data Import and Settings,
Database of potential customers.,
Date Format,
Date Of Retirement must be greater than Date of Joining,
Date of Birth,
Date of Birth cannot be greater than today.,
Date of Commencement should be greater than Date of Incorporation,
Date of Joining,
Date of Joining must be greater than Date of Birth,
Date of Transaction,
Day,
Debit,
Debit ({0}),
Debit Account,
Debit Note,
Debit Note Amount,
Debit Note Issued,
Debit To is required,
Debit and Credit not equal for {0} #{1}. Difference is {2}.,
Debtors,
Debtors ({0}),
Declare Lost,
Default Activity Cost exists for Activity Type - {0},
Default BOM ({0}) must be active for this item or its template,
Default BOM for {0} not found,
Default BOM not found for Item {0} and Project {1},
Default Letter Head,
Default Tax Template,
Default Unit of Measure for Item {0} cannot be changed directly because you have already made some transaction(s) with another UOM. You will need to create a new Item to use a different Default UOM.,
Default Unit of Measure for Variant '{0}' must be same as in Template '{1}',
Default settings for buying transactions.,
Default settings for selling transactions.,
Default tax templates for sales and purchase are created.,
Defaults,
Defense,
Define Project type.,
Define budget for a financial year.,
Define various loan types,
Del,
Delay in payment (Days),
Delete all the Transactions for this Company,
Deletion is not permitted for country {0},
Delivered,
Delivered Amount,
Delivered Qty,
Delivered: {0},
Delivery,
Delivery Date,
Delivery Note,
Delivery Note {0} is not submitted,
Delivery Note {0} must not be submitted,
Delivery Notes {0} must be cancelled before cancelling this Sales Order,
Delivery Notes {0} updated,
Delivery Status,
Delivery Trip,
Delivery warehouse required for stock item {0},
Department,
Department Stores,
Depreciation,
Depreciation Amount,
Depreciation Amount during the period,
Depreciation Date,
Depreciation Eliminated due to disposal of assets,
Depreciation Entry,
Depreciation Method,
Depreciation Row {0}: Depreciation Start Date is entered as past date,
Depreciation Row {0}: Expected value after useful life must be greater than or equal to {1},
Depreciation Row {0}: Next Depreciation Date cannot be before Available-for-use Date,
Depreciation Row {0}: Next Depreciation Date cannot be before Purchase Date,
Designer,
Detailed Reason,
Details,
Details of Outward Supplies and inward supplies liable to reverse charge,
Details of the operations carried out.,
Diagnosis,
Did not find any item called {0},
Diff Qty,
Difference Account,
"Difference Account must be a Asset/Liability type account,
Difference Amount,
Difference Amount must be zero,
Different UOM for items will lead to incorrect (Total) Net Weight value. Make sure that Net Weight of each item is in the same UOM.,
Direct Expenses,
Direct Income,
Disable,
Disabled template must not be default template,
Disburse Loan,
Disbursed,
Disc,
Discharge,
Discount,
Discount Percentage can be applied either against a Price List or for all Price List.,
Discount must be less than 100,
Diseases & Fertilizers,
Dispatch,
Dispatch Notification,
Dispatch State,
Distance,
Distribution,
Distributor,
Dividends Paid,
Do you really want to restore this scrapped asset?,
Do you really want to scrap this asset?,
Do you want to notify all the customers by email?,
Doc Date,
Doc Name,
Doc Type,
Docs Search,
Document Name,
Document Type,
Domain,
Domains,
Done,
Donor,
Donor Type information.,
Donor information.,
Download JSON,
Draft,
Drop Ship,
Drug,
Due / Reference Date cannot be after {0},
Due Date cannot be before Posting / Supplier Invoice Date,
Due Date is mandatory,
Duplicate Entry. Please check Authorization Rule {0},
Duplicate Serial No entered for Item {0},
Duplicate customer group found in the cutomer group table,
Duplicate entry,
Duplicate item group found in the item group table,
Duplicate roll number for student {0},
Duplicate row {0} with same {1},
Duplicate {0} found in the table,
Duration in Days,
Duties and Taxes,
E-Invoicing Information Missing,
ERPNext Demo,
ERPNext Settings,
Earliest,
Earnest Money,
Edit,
Edit Publishing Details,
"Edit in full page for more options like assets,
Education,
Either location or employee must be required,
Either target qty or target amount is mandatory,
Either target qty or target amount is mandatory.,
Electrical,
Electronic Equipments,
Electronics,
Eligible ITC,
Email Account,
Email Address,
"Email Address must be unique,
Email Digest: ,
Email Reminders will be sent to all parties with email contacts,
Email Sent,
Email Template,
Email not found in default contact,
Email sent to {0},
Employee,
Employee Advances,
Employee ID,
Employee Lifecycle,
Employee Name,
Employee Promotion cannot be submitted before Promotion Date ,
Employee Transfer cannot be submitted before Transfer Date ,
Employee cannot report to himself.,
Employee {0} has already applied for {1} between {2} and {3} : ,
Employee {0} of grade {1} have no default leave policy,
Enable / disable currencies.,
Enabled,
"Enabling 'Use for Shopping Cart',
End Date,
End Date can not be less than Start Date,
End Date cannot be before Start Date.,
End Year,
End Year cannot be before Start Year,
End on,
Ends On date cannot be before Next Contact Date.,
Energy,
Engineer,
Enough Parts to Build,
Enroll,
Enrolling student,
Enrolling students,
Enter depreciation details,
Enter the Bank Guarantee Number before submittting.,
Enter the name of the Beneficiary before submittting.,
Enter the name of the bank or lending institution before submittting.,
Enter value betweeen {0} and {1},
Entertainment & Leisure,
Entertainment Expenses,
Equity,
Error Log,
Error evaluating the criteria formula,
Error in formula or condition: {0},
Error: Not a valid id?,
Estimated Cost,
"Even if there are multiple Pricing Rules with highest priority,
Exchange Gain/Loss,
Exchange Rate Revaluation master.,
Exchange Rate must be same as {0} {1} ({2}),
Excise Invoice,
Execution,
Executive Search,
Expand All,
Expected Delivery Date,
Expected Delivery Date should be after Sales Order Date,
Expected End Date,
Expected Hrs,
Expected Start Date,
Expense,
Expense / Difference account ({0}) must be a 'Profit or Loss' account,
Expense Account,
Expense Claim,
Expense Claims,
Expense account is mandatory for item {0},
Expenses,
Expenses Included In Asset Valuation,
Expenses Included In Valuation,
Expired Batches,
Expires On,
Expiring On,
Expiry (In Days),
Explore,
Export E-Invoices,
Extra Large,
Extra Small,
Fail,
Failed,
Failed to create website,
Failed to install presets,
Failed to login,
Failed to setup company,
Failed to setup defaults,
Failed to setup post company fixtures,
Fax,
Fee,
Fee Created,
Fee Creation Failed,
Fee Creation Pending,
Fee Records Created - {0},
Feedback,
Fees,
Female,
Fetch Data,
Fetch Subscription Updates,
Fetch exploded BOM (including sub-assemblies),
Fetching records......,
Field Name,
Fieldname,
Fields,
"Filter Fields Row #{0}: Fieldname <b>{1}</b> must be of type ""Link"" or ""Table MultiSelect""",
Filter Total Zero Qty,
Finance Book,
Financial / accounting year.,
Financial Services,
Financial Statements,
Financial Year,
Finish,
Finished Good,
Finished Good Item Code,
Finished Goods,
Finished Item {0} must be entered for Manufacture type entry,
Finished product quantity <b>{0}</b> and For Quantity <b>{1}</b> cannot be different,
First Name,
"Fiscal Regime is mandatory,
Fiscal Year,
Fiscal Year End Date should be one year after Fiscal Year Start Date,
Fiscal Year Start Date and Fiscal Year End Date are already set in Fiscal Year {0},
Fiscal Year Start Date should be one year earlier than Fiscal Year End Date,
Fiscal Year {0} does not exist,
Fiscal Year {0} is required,
Fixed Asset,
Fixed Asset Item must be a non-stock item.,
Fixed Assets,
Following Material Requests have been raised automatically based on Item's re-order level,
Following accounts might be selected in GST Settings:,
Following course schedules were created,
Following item {0} is not marked as {1} item. You can enable them as {1} item from its Item master,
Following items {0} are not marked as {1} item. You can enable them as {1} item from its Item master,
"Food,
For,
"For 'Product Bundle' items,
For Quantity (Manufactured Qty) is mandatory,
For Supplier,
For Warehouse,
For Warehouse is required before Submit,
"For an item {0},
"For an item {0},
"For job card {0},
"For row {0} in {1}. To include {2} in Item rate,
For row {0}: Enter Planned Qty,
"For {0},
"For {0},
Forum Activity,
Free item code is not selected,
Freight and Forwarding Charges,
Frequency,
Friday,
From,
From Address 1,
From Address 2,
From Currency and To Currency cannot be same,
From Date and To Date lie in different Fiscal Year,
From Date cannot be greater than To Date,
From Date must be before To Date,
From Date should be within the Fiscal Year. Assuming From Date = {0},
From Datetime,
From Delivery Note,
From Fiscal Year,
From GSTIN,
From Party Name,
From Pin Code,
From Place,
From Range has to be less than To Range,
From State,
From Time,
From Time Should Be Less Than To Time,
From Time cannot be greater than To Time.,
"From a supplier under composition scheme,
From and To dates required,
From value must be less than to value in row {0},
From {0} | {1} {2},
Fulfillment,
Full Name,
Fully Depreciated,
Furnitures and Fixtures,
"Further accounts can be made under Groups,
Further cost centers can be made under Groups but entries can be made against non-Groups,
Further nodes can be only created under 'Group' type nodes,
GSTIN,
GSTR3B-Form,
Gain/Loss on Asset Disposal,
Gantt Chart,
Gantt chart of all tasks.,
Gender,
General,
General Ledger,
Generate Material Requests (MRP) and Work Orders.,
Generate Secret,
Get Invocies,
Get Invoices,
Get Invoices based on Filters,
Get Items from BOM,
Get Items from Healthcare Services,
Get Items from Prescriptions,
Get Items from Product Bundle,
Get Suppliers,
Get Suppliers By,
Get Updates,
Get customers from,
Get from Patient Encounter,
Getting Started,
GitHub Sync ID,
Global settings for all manufacturing processes.,
Go to the Desktop and start using ERPNext,
GoCardless SEPA Mandate,
GoCardless payment gateway settings,
Goal and Procedure,
Goals cannot be empty,
Goods In Transit,
Goods Transferred,
Goods and Services Tax (GST India),
Goods are already received against the outward entry {0},
Government,
Grand Total,
Grant,
Grant Application,
Grant Leaves,
Grant information.,
Grocery,
Gross Profit,
Gross Profit %,
Gross Profit / Loss,
Gross Purchase Amount,
Gross Purchase Amount is mandatory,
Group by Account,
Group by Party,
Group by Voucher,
Group by Voucher (Consolidated),
Group node warehouse is not allowed to select for transactions,
Group to Non-Group,
Group your students in batches,
Groups,
Guardian1 Email ID,
Guardian1 Mobile No,
Guardian1 Name,
Guardian2 Email ID,
Guardian2 Mobile No,
Guardian2 Name,
HR Manager,
HSN,
HSN/SAC,
Half Yearly,
Half-Yearly,
Hardware,
Head of Marketing and Sales,
Health Care,
Healthcare,
Healthcare (beta),
Healthcare Practitioner,
Healthcare Practitioner not available on {0},
Healthcare Practitioner {0} not available on {1},
Healthcare Service Unit,
Healthcare Service Unit Tree,
Healthcare Service Unit Type,
Healthcare Services,
Healthcare Settings,
Help Results for,
High,
High Sensitivity,
Hold,
Hold Invoice,
Holiday,
Holiday List,
Hotel Rooms of type {0} are unavailable on {1},
Hotels,
Hourly,
Hours,
How Pricing Rule is applied?,
Hub Category,
Hub Sync ID,
Human Resource,
Human Resources,
IGST Amount,
IP Address,
ITC Available (whether in full op part),
ITC Reversed,
Identifying Decision Makers,
"If Auto Opt In is checked,
"If multiple Pricing Rules continue to prevail,
"If selected Pricing Rule is made for 'Rate',
"If two or more Pricing Rules are found based on the above conditions,
"If unlimited expiry for the Loyalty Points,
"If you have any questions,
Ignore Existing Ordered Qty,
Image,
Image View,
Import Data,
Import Day Book Data,
Import Log,
Import Master Data,
Import in Bulk,
Import of goods,
Import of services,
Importing Items and UOMs,
Importing Parties and Addresses,
In Maintenance,
In Production,
In Qty,
In Stock Qty,
In Stock: ,
In Value,
"In the case of multi-tier program,
Inactive,
Incentives,
Include Default FB Entries,
Include Exploded Items,
Include POS Transactions,
Include UOM,
Included in Gross Profit,
Income,
Income Account,
Income Tax,
Incoming,
Incoming Rate,
Incorrect number of General Ledger Entries found. You might have selected a wrong Account in the transaction.,
Increment cannot be 0,
Increment for Attribute {0} cannot be 0,
Indirect Expenses,
Indirect Income,
Individual,
Ineligible ITC,
Initiated,
Inpatient Record,
Installation Note,
Installation Note {0} has already been submitted,
Installation date cannot be before delivery date for Item {0},
Installing presets,
Institute Abbreviation,
Institute Name,
Instructor,
Insufficient Stock,
Insurance Start date should be less than Insurance End date,
Integrated Tax,
Inter-State Supplies,
Internet Publishing,
Intra-State Supplies,
Introduction,
Invalid Attribute,
Invalid Blanket Order for the selected Customer and Item,
Invalid Company for Inter Company Transaction.,
Invalid GSTIN! A GSTIN must have 15 characters.,
Invalid GSTIN! First 2 digits of GSTIN should match with State number {0}.,
Invalid GSTIN! The input you've entered doesn't match the format of GSTIN.,
Invalid Posting Time,
Invalid attribute {0} {1},
Invalid quantity specified for item {0}. Quantity should be greater than 0.,
Invalid reference {0} {1},
Invalid {0},
Invalid {0} for Inter Company Transaction.,
Invalid {0}: {1},
Inventory,
Investment Banking,
Investments,
Invoice,
Invoice Created,
Invoice Discounting,
Invoice Patient Registration,
Invoice Posting Date,
Invoice Type,
Invoice already created for all billing hours,
Invoice can't be made for zero billing hour,
Invoice {0} no longer exists,
Invoiced,
Invoiced Amount,
Invoices,
Invoices for Costumers.,
Inward supplies from ISD,
Inward supplies liable to reverse charge (other than 1 & 2 above),
Is Active,
Is Default,
Is Existing Asset,
Is Frozen,
Is Group,
Issue,
Issue Material,
Issued,
Issues,
It is needed to fetch Item Details.,
Item,
Item 1,
Item 2,
Item 3,
Item 4,
Item 5,
Item Cart,
Item Code,
Item Code cannot be changed for Serial No.,
Item Code required at Row No {0},
Item Description,
Item Group,
Item Group Tree,
Item Group not mentioned in item master for item {0},
Item Name,
Item Price added for {0} in Price List {1},
"Item Price appears multiple times based on Price List,
Item Price updated for {0} in Price List {1},
Item Row {0}: {1} {2} does not exist in above '{1}' table,
Item Tax Row {0} must have account of type Tax or Income or Expense or Chargeable,
Item Template,
Item Variant Settings,
Item Variant {0} already exists with same attributes,
Item Variants,
Item Variants updated,
Item has variants.,
Item must be added using 'Get Items from Purchase Receipts' button,
Item valuation rate is recalculated considering landed cost voucher amount,
Item variant {0} exists with same attributes,
Item {0} does not exist,
Item {0} does not exist in the system or has expired,
Item {0} has already been returned,
Item {0} has been disabled,
Item {0} has reached its end of life on {1},
Item {0} ignored since it is not a stock item,
"Item {0} is a template,
Item {0} is cancelled,
Item {0} is disabled,
Item {0} is not a serialized Item,
Item {0} is not a stock Item,
Item {0} is not active or end of life has been reached,
Item {0} is not setup for Serial Nos. Check Item master,
Item {0} is not setup for Serial Nos. Column must be blank,
Item {0} must be a Fixed Asset Item,
Item {0} must be a Sub-contracted Item,
Item {0} must be a non-stock item,
Item {0} must be a stock Item,
Item {0} not found,
Item {0} not found in 'Raw Materials Supplied' table in Purchase Order {1},
Item {0}: Ordered qty {1} cannot be less than minimum order qty {2} (defined in Item).,
Item: {0} does not exist in the system,
Items,
Items Filter,
Items and Pricing,
Items for Raw Material Request,
Job Card,
Job card {0} created,
Join,
Journal Entries {0} are un-linked,
Journal Entry,
Journal Entry {0} does not have account {1} or already matched against other voucher,
Kanban Board,
Key Reports,
LMS Activity,
Lab Test,
Lab Test Report,
Lab Test Sample,
Lab Test Template,
Lab Test UOM,
Lab Tests and Vital Signs,
Lab result datetime cannot be before testing datetime,
Lab testing datetime cannot be before collection datetime,
Label,
Laboratory,
Large,
Last Communication,
Last Communication Date,
Last Name,
Last Order Amount,
Last Order Date,
Last Purchase Price,
Last Purchase Rate,
Latest,
Latest price updated in all BOMs,
Lead,
Lead Count,
Lead Owner,
Lead Owner cannot be same as the Lead,
Lead Time Days,
Lead to Quotation,
"Leads help you get business,
Learn,
Leave Management,
Leave and Attendance,
Leave application {0} already exists against the student {1},
Leaves has been granted sucessfully,
Leaves must be allocated in multiples of 0.5,
Ledger,
Legal,
Legal Expenses,
Letter Head,
Letter Heads for print templates.,
Level,
Liability,
Limit Crossed,
Link to Material Request,
List of all share transactions,
List of available Shareholders with folio numbers,
Loading Payment System,
Loan,
Loan Start Date and Loan Period are mandatory to save the Invoice Discounting,
Loans (Liabilities),
Loans and Advances (Assets),
Local,
Logs for maintaining sms delivery status,
Lost,
Lost Reasons,
Low,
Low Sensitivity,
Lower Income,
Loyalty Amount,
Loyalty Point Entry,
Loyalty Points,
"Loyalty Points will be calculated from the spent done (via the Sales Invoice),
Loyalty Points: {0},
Loyalty Program,
Main,
Maintenance,
Maintenance Log,
Maintenance Manager,
Maintenance Schedule,
Maintenance Schedule is not generated for all the items. Please click on 'Generate Schedule',
Maintenance Schedule {0} exists against {1},
Maintenance Schedule {0} must be cancelled before cancelling this Sales Order,
Maintenance Status has to be Cancelled or Completed to Submit,
Maintenance User,
Maintenance Visit,
Maintenance Visit {0} must be cancelled before cancelling this Sales Order,
Maintenance start date can not be before delivery date for Serial No {0},
Make,
Make Payment,
Make project from a template.,
Making Stock Entries,
Male,
Manage Customer Group Tree.,
Manage Sales Partners.,
Manage Sales Person Tree.,
Manage Territory Tree.,
Manage your orders,
Management,
Manager,
Managing Projects,
Managing Subcontracting,
Mandatory,
Mandatory field - Academic Year,
Mandatory field - Get Students From,
Mandatory field - Program,
Manufacture,
Manufacturer,
Manufacturer Part Number,
Manufacturing,
Manufacturing Quantity is mandatory,
Mapping,
Mapping Type,
Mark Absent,
Mark Half Day,
Mark Present,
Marketing,
Marketing Expenses,
Marketplace,
Marketplace Error,
Masters,
Match Payments with Invoices,
Match non-linked Invoices and Payments.,
Material,
Material Consumption,
Material Consumption is not set in Manufacturing Settings.,
Material Receipt,
Material Request,
Material Request Date,
Material Request No,
"Material Request not created,
Material Request of maximum {0} can be made for Item {1} against Sales Order {2},
Material Request to Purchase Order,
Material Request {0} is cancelled or stopped,
Material Request {0} submitted.,
Material Transfer,
Material Transferred,
Material to Supplier,
Max discount allowed for item: {0} is {1}%,
Max: {0},
Maximum Samples - {0} can be retained for Batch {1} and Item {2}.,
Maximum Samples - {0} have already been retained for Batch {1} and Item {2} in Batch {3}.,
Maximum discount for Item {0} is {1}%,
Medical Code,
Medical Code Standard,
Medical Department,
Medical Record,
Medium,
Member Activity,
Member ID,
Member Name,
Member information.,
Membership,
Membership Details,
Membership ID,
Membership Type,
Memebership Details,
Memebership Type Details,
Merge,
Merge Account,
Merge with Existing Account,
"Merging is only possible if following properties are same in both records. Is Group,
Message Examples,
Message Sent,
Method,
Middle Income,
Middle Name,
Middle Name (Optional),
Min Amt can not be greater than Max Amt,
Min Qty can not be greater than Max Qty,
Minimum Lead Age (Days),
Miscellaneous Expenses,
Missing Currency Exchange Rates for {0},
Missing email template for dispatch. Please set one in Delivery Settings.,
"Missing value for Password,
Mode of Payment,
Mode of Payments,
Mode of Transport,
Mode of Transportation,
Model,
Moderate Sensitivity,
Monday,
Monthly,
Monthly Distribution,
More,
More Information,
More...,
Motion Picture & Video,
Move,
Move Item,
Multi Currency,
Multiple Item prices.,
Multiple Loyalty Program found for the Customer. Please select manually.,
"Multiple Price Rules exists with same criteria,
Multiple Variants,
Multiple fiscal years exist for the date {0}. Please set company in Fiscal Year,
Music,
Name error: {0},
Name of new Account. Note: Please don't create accounts for Customers and Suppliers,
Name or Email is mandatory,
Nature Of Supplies,
Navigating,
Needs Analysis,
Negative Quantity is not allowed,
Negative Valuation Rate is not allowed,
Negotiation/Review,
Net Asset value as on,
Net Cash from Financing,
Net Cash from Investing,
Net Cash from Operations,
Net Change in Accounts Payable,
Net Change in Accounts Receivable,
Net Change in Cash,
Net Change in Equity,
Net Change in Fixed Asset,
Net Change in Inventory,
Net ITC Available(A) - (B),
Net Profit,
Net Total,
New Account Name,
New Address,
New BOM,
New Batch ID (Optional),
New Batch Qty,
New Company,
New Cost Center Name,
New Customer Revenue,
New Customers,
New Department,
New Employee,
New Location,
New Quality Procedure,
New Sales Invoice,
New Sales Person Name,
New Serial No cannot have Warehouse. Warehouse must be set by Stock Entry or Purchase Receipt,
New Warehouse Name,
New credit limit is less than current outstanding amount for the customer. Credit limit has to be atleast {0},
New task,
New {0} pricing rules are created,
Newspaper Publishers,
Next,
Next Contact By cannot be same as the Lead Email Address,
Next Contact Date cannot be in the past,
Next Steps,
No Action,
No Customers yet!,
No Data,
No Delivery Note selected for Customer {},
No Item with Barcode {0},
No Item with Serial No {0},
No Items available for transfer,
No Items selected for transfer,
No Items to pack,
No Items with Bill of Materials to Manufacture,
No Items with Bill of Materials.,
No Permission,
No Remarks,
No Result to submit,
No Student Groups created.,
No Students in,
No Tax Withholding data found for the current Fiscal Year.,
No Work Orders created,
No accounting entries for the following warehouses,
No contacts with email IDs found.,
No data for this period,
No description given,
No employees for the mentioned criteria,
No gain or loss in the exchange rate,
No items listed,
No items to be received are overdue,
No material request created,
No of Interactions,
No of Shares,
No pending Material Requests found to link for the given items.,
No products found,
No products found.,
No record found,
No records found in the Invoice table,
No records found in the Payment table,
No tasks,
No time sheets,
No values,
No {0} found for Inter Company Transactions.,
Non GST Inward Supplies,
Non Profit,
Non Profit (beta),
Non-GST outward supplies,
Non-Group to Group,
None,
None of the items have any change in quantity or value.,
Nos,
Not Available,
Not Marked,
Not Paid and Not Delivered,
Not Permitted,
Not Started,
Not active,
Not allow to set alternative item for the item {0},
Not allowed to update stock transactions older than {0},
Not authorized to edit frozen Account {0},
Not authroized since {0} exceeds limits,
Not permitted for {0},
"Not permitted,
Not permitted. Please disable the Service Unit Type,
Note: Due / Reference Date exceeds allowed customer credit days by {0} day(s),
Note: Item {0} entered multiple times,
Note: Payment Entry will not be created since 'Cash or Bank Account' was not specified,
Note: System will not check over-delivery and over-booking for Item {0} as quantity or amount is 0,
Note: There is not enough leave balance for Leave Type {0},
Note: This Cost Center is a Group. Cannot make accounting entries against groups.,
Note: {0},
Notes,
Nothing is included in gross,
Nothing more to show.,
Notify Customers via Email,
Number,
Number of Depreciations Booked cannot be greater than Total Number of Depreciations,
Number of Interaction,
Number of Order,
"Number of new Account,
"Number of new Cost Center,
Number of root accounts cannot be less than 4,
Odometer,
Office Equipments,
Office Maintenance Expenses,
Office Rent,
On Hold,
On Net Total,
One customer can be part of only single Loyalty Program.,
Online Auctions,
"Only the Student Applicant with the status ""Approved"" will be selected in the table below.",
Only users with {0} role can register on Marketplace,
Open BOM {0},
Open Item {0},
Open Notifications,
Open Orders,
Open a new ticket,
Opening,
Opening (Cr),
Opening (Dr),
Opening Accounting Balance,
Opening Accumulated Depreciation,
Opening Accumulated Depreciation must be less than equal to {0},
Opening Balance,
Opening Balance Equity,
Opening Date and Closing Date should be within same Fiscal Year,
Opening Date should be before Closing Date,
Opening Entry Journal,
Opening Invoice Creation Tool,
Opening Invoice Item,
Opening Invoices,
Opening Invoices Summary,
Opening Qty,
Opening Stock,
Opening Stock Balance,
Opening Value,
Opening {0} Invoice created,
Operation,
Operation Time must be greater than 0 for Operation {0},
"Operation {0} longer than any available working hours in workstation {1},
Operations,
Operations cannot be left blank,
Opp Count,
Opp/Lead %,
Opportunities,
Opportunities by lead source,
Opportunity,
Opportunity Amount,
"Optional. Sets company's default currency,
Optional. This setting will be used to filter in various transactions.,
Options,
Order Count,
Order Entry,
Order Value,
Order rescheduled for sync,
Order/Quot %,
Ordered,
Ordered Qty,
"Ordered Qty: Quantity ordered for purchase,
Orders,
Orders released for production.,
Organization,
Organization Name,
Other,
Other Reports,
"Other outward supplies(Nil rated,
Out Qty,
Out Value,
Out of Order,
Outgoing,
Outstanding,
Outstanding Amount,
Outstanding Amt,
Outstanding Cheques and Deposits to clear,
Outstanding for {0} cannot be less than zero ({1}),
Outward taxable supplies(zero rated),
Overdue,
Overlap in scoring between {0} and {1},
Overlapping conditions found between:,
Owner,
PAN,
POS,
POS Profile,
POS Profile is required to use Point-of-Sale,
POS Profile required to make POS Entry,
POS Settings,
Packed quantity must equal quantity for Item {0} in row {1},
Packing Slip,
Packing Slip(s) cancelled,
Paid,
Paid Amount,
Paid Amount cannot be greater than total negative outstanding amount {0},
Paid amount + Write Off Amount can not be greater than Grand Total,
Paid and Not Delivered,
Parameter,
Parent Item {0} must not be a Stock Item,
Parents Teacher Meeting Attendance,
Partially Depreciated,
Partially Received,
Party,
Party Name,
Party Type,
Party Type and Party is mandatory for {0} account,
Party Type is mandatory,
Party is mandatory,
Past Due Date,
Patient,
Patient Appointment,
Patient Encounter,
Patient not found,
Pay Remaining,
Pay {0} {1},
Payable,
Payable Account,
Payment,
Payment Cancelled. Please check your GoCardless Account for more details,
Payment Confirmation,
Payment Document,
Payment Due Date,
Payment Entries {0} are un-linked,
Payment Entry,
Payment Entry already exists,
Payment Entry has been modified after you pulled it. Please pull it again.,
Payment Entry is already created,
Payment Failed. Please check your GoCardless Account for more details,
Payment Gateway,
"Payment Gateway Account not created,
Payment Gateway Name,
Payment Mode,
Payment Receipt Note,
Payment Request,
Payment Request for {0},
Payment Tems,
Payment Term,
Payment Terms,
Payment Terms Template,
Payment Terms based on conditions,
Payment Type,
"Payment Type must be one of Receive,
Payment against {0} {1} cannot be greater than Outstanding Amount {2},
Payment request {0} created,
Payments,
Payroll Payable,
Payslip,
Pending Activities,
Pending Amount,
Pending Leaves,
Pending Qty,
Pending Quantity,
Pending Review,
Pending activities for today,
Pension Funds,
Percentage Allocation should be equal to 100%,
Perception Analysis,
Period,
Period Closing Entry,
Period Closing Voucher,
Periodicity,
Personal Details,
Pharmaceutical,
Pharmaceuticals,
Physician,
Place Of Supply (State/UT),
Place Order,
Plan Name,
Plan for maintenance visits.,
Planned Qty,
"Planned Qty: Quantity,
Planning,
Plants and Machineries,
Please Set Supplier Group in Buying Settings.,
Please add a Temporary Opening account in Chart of Accounts,
Please add the account to root level Company - ,
Please check Multi Currency option to allow accounts with other currency,
Please click on 'Generate Schedule',
Please click on 'Generate Schedule' to fetch Serial No added for Item {0},
Please click on 'Generate Schedule' to get schedule,
Please create purchase receipt or purchase invoice for the item {0},
Please define grade for Threshold 0%,
Please enable Applicable on Booking Actual Expenses,
Please enable Applicable on Purchase Order and Applicable on Booking Actual Expenses,
Please enable pop-ups,
Please enter 'Is Subcontracted' as Yes or No,
Please enter API Consumer Key,
Please enter API Consumer Secret,
Please enter Account for Change Amount,
Please enter Approving Role or Approving User,
Please enter Cost Center,
Please enter Delivery Date,
Please enter Employee Id of this sales person,
Please enter Expense Account,
Please enter Item Code to get Batch Number,
Please enter Item Code to get batch no,
Please enter Item first,
Please enter Maintaince Details first,
Please enter Planned Qty for Item {0} at row {1},
Please enter Preferred Contact Email,
Please enter Production Item first,
Please enter Purchase Receipt first,
Please enter Receipt Document,
Please enter Reference date,
Please enter Reqd by Date,
Please enter Woocommerce Server URL,
Please enter Write Off Account,
Please enter atleast 1 invoice in the table,
Please enter company first,
Please enter company name first,
Please enter default currency in Company Master,
Please enter message before sending,
Please enter parent cost center,
Please enter quantity for Item {0},
Please enter relieving date.,
Please enter valid Financial Year Start and End Dates,
Please enter valid email address,
Please enter {0} first,
Please fill in all the details to generate Assessment Result.,
Please identify/create Account (Group) for type - {0},
Please identify/create Account (Ledger) for type - {0},
Please login as another user to register on Marketplace,
Please make sure you really want to delete all the transactions for this company. Your master data will remain as it is. This action cannot be undone.,
Please mention Basic and HRA component in Company,
Please mention Round Off Account in Company,
Please mention Round Off Cost Center in Company,
Please mention no of visits required,
Please mention the Lead Name in Lead {0},
Please pull items from Delivery Note,
Please register the SIREN number in the company information file,
Please remove this Invoice {0} from C-Form {1},
Please save the patient first,
Please save the report again to rebuild or update,
"Please select Allocated Amount,
Please select Apply Discount On,
Please select BOM against item {0},
Please select BOM for Item in Row {0},
Please select BOM in BOM field for Item {0},
Please select Category first,
Please select Charge Type first,
Please select Company,
Please select Company and Posting Date to getting entries,
Please select Company first,
Please select Completion Date for Completed Asset Maintenance Log,
Please select Completion Date for Completed Repair,
Please select Course,
Please select Drug,
Please select Existing Company for creating Chart of Accounts,
Please select Healthcare Service,
"Please select Item where ""Is Stock Item"" is ""No"" and ""Is Sales Item"" is ""Yes"" and there is no other Product Bundle",
Please select Maintenance Status as Completed or remove Completion Date,
Please select Party Type first,
Please select Patient,
Please select Patient to get Lab Tests,
Please select Posting Date before selecting Party,
Please select Posting Date first,
Please select Price List,
Please select Program,
Please select Qty against item {0},
Please select Sample Retention Warehouse in Stock Settings first,
Please select Start Date and End Date for Item {0},
Please select Student Admission which is mandatory for the paid student applicant,
Please select a BOM,
Please select a Batch for Item {0}. Unable to find a single batch that fulfills this requirement,
Please select a Company,
Please select a batch,
Please select a field to edit from numpad,
Please select a table,
Please select a valid Date,
Please select a value for {0} quotation_to {1},
Please select a warehouse,
Please select at least one domain.,
Please select correct account,
Please select date,
Please select item code,
Please select month and year,
Please select the Company,
Please select the Multiple Tier Program type for more than one collection rules.,
Please select the assessment group other than 'All Assessment Groups',
Please select the document type first,
Please select weekly off day,
Please select {0},
Please select {0} first,
Please set 'Apply Additional Discount On',
Please set 'Asset Depreciation Cost Center' in Company {0},
Please set 'Gain/Loss Account on Asset Disposal' in Company {0},
Please set Account in Warehouse {0} or Default Inventory Account in Company {1},
Please set B2C Limit in GST Settings.,
Please set Company,
Please set Company filter blank if Group By is 'Company',
Please set Default Payroll Payable Account in Company {0},
Please set Depreciation related Accounts in Asset Category {0} or Company {1},
Please set GST Accounts in GST Settings,
Please set Hotel Room Rate on {},
Please set Number of Depreciations Booked,
Please set Unrealized Exchange Gain/Loss Account in Company {0},
Please set User ID field in an Employee record to set Employee Role,
Please set a default Holiday List for Employee {0} or Company {1},
Please set account in Warehouse {0},
Please set an active menu for Restaurant {0},
Please set associated account in Tax Withholding Category {0} against Company {1},
Please set at least one row in the Taxes and Charges Table,
Please set default Cash or Bank account in Mode of Payment {0},
Please set default account in Salary Component {0},
Please set default customer in Restaurant Settings,
Please set default {0} in Company {1},
Please set filter based on Item or Warehouse,
Please set leave policy for employee {0} in Employee / Grade record,
Please set recurring after saving,
Please set the Customer Address,
Please set the Default Cost Center in {0} company.,
Please set the Email ID for the Student to send the Payment Request,
Please set the Item Code first,
Please set the Payment Schedule,
Please set {0} for address {1},
Please setup Students under Student Groups,
Please specify Company,
Please specify Company to proceed,
Please specify a valid 'From Case No.',
Please specify a valid Row ID for row {0} in table {1},
Please specify at least one attribute in the Attributes table,
Please specify currency in Company,
Please specify either Quantity or Valuation Rate or both,
Please specify from/to range,
Please supply the specified items at the best possible rates,
Please wait 3 days before resending the reminder.,
Point of Sale,
Point-of-Sale,
Point-of-Sale Profile,
Portal,
Possible Supplier,
Postal Expenses,
Posting Date,
Posting Date cannot be future date,
Posting Time,
Posting date and posting time is mandatory,
Posting timestamp must be after {0},
Potential opportunities for selling.,
Practitioner Schedule,
Pre Sales,
Preference,
Prescribed Procedures,
Prescription,
Prescription Dosage,
Prescription Duration,
Prescriptions,
Prev,
Preview,
Previous Financial Year is not closed,
Price,
Price List,
Price List Currency not selected,
Price List Rate,
Price List master.,
Price List must be applicable for Buying or Selling,
Price List {0} is disabled or does not exist,
Price or product discount slabs are required,
Pricing,
Pricing Rule,
"Pricing Rule is first selected based on 'Apply On' field,
"Pricing Rule is made to overwrite Price List / define discount percentage,
Pricing Rule {0} is updated,
Pricing Rules are further filtered based on quantity.,
Primary Address Details,
Primary Contact Details,
Print Format,
Print IRS 1099 Forms,
Print Report Card,
Print Settings,
Print and Stationery,
Print settings updated in respective print format,
Print taxes with zero amount,
Printing and Branding,
Private Equity,
Procedure,
Process Day Book Data,
Process Master Data,
Processing Chart of Accounts and Parties,
Processing Items and UOMs,
Processing Party Addresses,
Processing Vouchers,
Procurement,
Produced Qty,
Product,
Product Bundle,
Product Search,
Production,
Production Item,
Products,
Profit and Loss,
Profit for the year,
Program,
Program in the Fee Structure and Student Group {0} are different.,
Program {0} does not exist.,
Program: ,
Progress % for a task cannot be more than 100.,
Project Collaboration Invitation,
Project Id,
Project Manager,
Project Name,
Project Start Date,
Project Status,
Project Summary for {0},
Project Update.,
Project Value,
Project activity / task.,
Project master.,
Project-wise data is not available for Quotation,
Projected,
Projected Qty,
Projected Quantity Formula,
Projects,
Proposal Writing,
Proposal/Price Quote,
Prospecting,
Provisional Profit / Loss (Credit),
Publications,
Publish Items on Website,
Published,
Publishing,
Purchase,
Purchase Amount,
Purchase Date,
Purchase Invoice,
Purchase Invoice {0} is already submitted,
Purchase Manager,
Purchase Master Manager,
Purchase Order,
Purchase Order Amount,
Purchase Order Amount(Company Currency),
Purchase Order Date,
Purchase Order Items not received on time,
Purchase Order number required for Item {0},
Purchase Order to Payment,
Purchase Order {0} is not submitted,
Purchase Orders are not allowed for {0} due to a scorecard standing of {1}.,
Purchase Orders given to Suppliers.,
Purchase Price List,
Purchase Receipt,
Purchase Receipt {0} is not submitted,
Purchase Tax Template,
Purchase User,
Purchase orders help you plan and follow up on your purchases,
Purchasing,
Purpose must be one of {0},
Qty,
Qty To Manufacture,
Qty Total,
Qty for {0},
Qualification,
Quality,
Quality Action,
Quality Goal.,
Quality Inspection,
Quality Inspection: {0} is not submitted for the item: {1} in row {2},
Quality Management,
Quality Meeting,
Quality Procedure,
Quality Procedure.,
Quality Review,
Quantity,
Quantity for Item {0} must be less than {1},
Quantity in row {0} ({1}) must be same as manufactured quantity {2},
Quantity must be less than or equal to {0},
Quantity must not be more than {0},
Quantity required for Item {0} in row {1},
Quantity should be greater than 0,
Quantity to Make,
Quantity to Manufacture must be greater than 0.,
Quantity to Produce,
Quantity to Produce can not be less than Zero,
Query Options,
Queued for replacing the BOM. It may take a few minutes.,
Queued for updating latest price in all Bill of Materials. It may take a few minutes.,
Quick Journal Entry,
Quot Count,
Quot/Lead %,
Quotation,
Quotation {0} is cancelled,
Quotation {0} not of type {1},
Quotations,
"Quotations are proposals,
Quotations received from Suppliers.,
Quotations: ,
Quotes to Leads or Customers.,
RFQs are not allowed for {0} due to a scorecard standing of {1},
Range,
Rate,
Rate:,
Rating,
Raw Material,
Raw Materials,
Raw Materials cannot be blank.,
Re-open,
Read blog,
Read the ERPNext Manual,
Reading Uploaded File,
Real Estate,
Reason For Putting On Hold,
Reason for Hold,
Reason for hold: ,
Receipt,
Receipt document must be submitted,
Receivable,
Receivable Account,
Received,
Received On,
Received Quantity,
Received Stock Entries,
Receiver List is empty. Please create Receiver List,
Recipients,
Reconcile,
"Record of all communications of type email,
Records,
Redirect URL,
Ref,
Ref Date,
Reference,
Reference #{0} dated {1},
Reference Date,
Reference Doctype must be one of {0},
Reference Document,
Reference Document Type,
Reference No & Reference Date is required for {0},
Reference No and Reference Date is mandatory for Bank transaction,
Reference No is mandatory if you entered Reference Date,
Reference No.,
Reference Number,
Reference Type,
"Reference: {0},
References,
Refresh Token,
Register,
Rejected,
Related,
Relation with Guardian1,
Relation with Guardian2,
Release Date,
Reload Linked Analysis,
Remaining,
Remaining Balance,
Remarks,
Reminder to update GSTIN Sent,
Remove item if charges is not applicable to that item,
Removed items with no change in quantity or value.,
Reopen,
Reorder Level,
Reorder Qty,
Repeat Customer Revenue,
Repeat Customers,
Replace BOM and update latest price in all BOMs,
Replied,
Report,
Report Type,
Report Type is mandatory,
Reports,
Reqd By Date,
Reqd Qty,
Request for Quotation,
Request for Quotations,
Request for Raw Materials,
Request for purchase.,
Request for quotation.,
Requested Qty,
"Requested Qty: Quantity requested for purchase,
Requesting Site,
Requesting payment against {0} {1} for amount {2},
Requestor,
Required On,
Required Qty,
Required Quantity,
Reschedule,
Research,
Research & Development,
Researcher,
Resend Payment Email,
Reserve Warehouse,
Reserved Qty,
Reserved Qty for Production,
Reserved Qty for Production: Raw materials quantity to make manufacturing items.,
"Reserved Qty: Quantity ordered for sale,
Reserved Warehouse is mandatory for Item {0} in Raw Materials supplied,
Reserved for manufacturing,
Reserved for sale,
Reserved for sub contracting,
Resistant,
Resolve error and upload again.,
Rest Of The World,
Restart Subscription,
Restaurant,
Result Date,
Result already Submitted,
Resume,
Retail,
Retail & Wholesale,
Retail Operations,
Retained Earnings,
Retention Stock Entry,
Retention Stock Entry already created or Sample Quantity not provided,
Return,
Return / Credit Note,
Return / Debit Note,
Return Issued,
Reverse Journal Entry,
Review Invitation Sent,
Review and Action,
Rooms Booked,
Root Company,
Root Type,
Root Type is mandatory,
Root cannot be edited.,
Root cannot have a parent cost center,
Round Off,
Rounded Total,
Route,
Row # {0}: ,
Row # {0}: Batch No must be same as {1} {2},
Row # {0}: Cannot return more than {1} for Item {2},
Row # {0}: Rate cannot be greater than the rate used in {1} {2},
Row # {0}: Serial No is mandatory,
Row # {0}: Serial No {1} does not match with {2} {3},
Row #{0} (Payment Table): Amount must be negative,
Row #{0} (Payment Table): Amount must be positive,
Row #{0}: Account {1} does not belong to company {2},
Row #{0}: Allocated Amount cannot be greater than outstanding amount.,
"Row #{0}: Asset {1} cannot be submitted,
Row #{0}: Cannot set Rate if amount is greater than billed amount for Item {1}.,
Row #{0}: Clearance date {1} cannot be before Cheque Date {2},
Row #{0}: Duplicate entry in References {1} {2},
Row #{0}: Expected Delivery Date cannot be before Purchase Order Date,
Row #{0}: Item added,
Row #{0}: Journal Entry {1} does not have account {2} or already matched against another voucher,
Row #{0}: Not allowed to change Supplier as Purchase Order already exists,
Row #{0}: Please set reorder quantity,
Row #{0}: Please specify Serial No for Item {1},
Row #{0}: Qty increased by 1,
Row #{0}: Rate must be same as {1}: {2} ({3} / {4}) ,
Row #{0}: Reference Document Type must be one of Expense Claim or Journal Entry,
"Row #{0}: Reference Document Type must be one of Purchase Order,
Row #{0}: Rejected Qty can not be entered in Purchase Return,
Row #{0}: Rejected Warehouse is mandatory against rejected Item {1},
Row #{0}: Reqd by Date cannot be before Transaction Date,
Row #{0}: Set Supplier for item {1},
Row #{0}: Status must be {1} for Invoice Discounting {2},
"Row #{0}: The batch {1} has only {2} qty. Please select another batch which has {3} qty available or split the row into multiple rows,
Row #{0}: Timings conflicts with row {1},
Row #{0}: {1} can not be negative for item {2},
Row No {0}: Amount cannot be greater than Pending Amount against Expense Claim {1}. Pending Amount is {2},
Row {0} : Operation is required against the raw material item {1},
Row {0}# Item {1} cannot be transferred more than {2} against Purchase Order {3},
Row {0}: Activity Type is mandatory.,
Row {0}: Advance against Customer must be credit,
Row {0}: Advance against Supplier must be debit,
Row {0}: Allocated amount {1} must be less than or equals to Payment Entry amount {2},
Row {0}: Allocated amount {1} must be less than or equals to invoice outstanding amount {2},
Row {0}: An Reorder entry already exists for this warehouse {1},
Row {0}: Bill of Materials not found for the Item {1},
Row {0}: Conversion Factor is mandatory,
Row {0}: Cost center is required for an item {1},
Row {0}: Credit entry can not be linked with a {1},
Row {0}: Currency of the BOM #{1} should be equal to the selected currency {2},
Row {0}: Debit entry can not be linked with a {1},
Row {0}: Depreciation Start Date is required,
Row {0}: Enter location for the asset item {1},
Row {0}: Exchange Rate is mandatory,
Row {0}: Expected Value After Useful Life must be less than Gross Purchase Amount,
Row {0}: From Time and To Time is mandatory.,
Row {0}: From Time and To Time of {1} is overlapping with {2},
Row {0}: From time must be less than to time,
Row {0}: Hours value must be greater than zero.,
Row {0}: Invalid reference {1},
Row {0}: Party / Account does not match with {1} / {2} in {3} {4},
Row {0}: Party Type and Party is required for Receivable / Payable account {1},
Row {0}: Payment against Sales/Purchase Order should always be marked as advance,
Row {0}: Please check 'Is Advance' against Account {1} if this is an advance entry.,
Row {0}: Please set at Tax Exemption Reason in Sales Taxes and Charges,
Row {0}: Please set the Mode of Payment in Payment Schedule,
Row {0}: Please set the correct code on Mode of Payment {1},
Row {0}: Quality Inspection rejected for item {1},
Row {0}: UOM Conversion Factor is mandatory,
Row {0}: select the workstation against the operation {1},
Row {0}: {1} Serial numbers required for Item {2}. You have provided {3}.,
Row {0}: {1} must be greater than 0,
Row {0}: {1} {2} does not match with {3},
Row {0}:Start Date must be before End Date,
Rows with duplicate due dates in other rows were found: {0},
Rules for adding shipping costs.,
Rules for applying pricing and discount.,
S.O. No.,
SGST Amount,
SO Qty,
Safety Stock,
Salary,
Salary Slip submitted for period from {0} to {1},
Salary Structure must be submitted before submission of Tax Ememption Declaration,
Sales,
Sales Account,
Sales Expenses,
Sales Funnel,
Sales Invoice,
Sales Invoice {0} has already been submitted,
Sales Invoice {0} must be cancelled before cancelling this Sales Order,
Sales Manager,
Sales Master Manager,
Sales Order,
Sales Order Item,
Sales Order required for Item {0},
Sales Order to Payment,
Sales Order {0} is not submitted,
Sales Order {0} is not valid,
Sales Order {0} is {1},
Sales Orders,
Sales Partner,
Sales Pipeline,
Sales Price List,
Sales Return,
Sales Summary,
Sales Tax Template,
Sales Team,
Sales User,
Sales and Returns,
Sales campaigns.,
Sales orders are not available for production,
Salutation,
Same Company is entered more than once,
Same item cannot be entered multiple times.,
Same supplier has been entered multiple times,
Sample Collection,
Sample quantity {0} cannot be more than received quantity {1},
Sanctioned,
Sand,
Saturday,
Saving {0},
Scan Barcode,
Schedule,
Schedule Admission,
Schedule Course,
Schedule Date,
Schedule Discharge,
Scheduled,
Scheduled Upto,
"Schedules for {0} overlaps,
Score cannot be greater than Maximum Score,
Scorecards,
Scrapped,
Search,
Search Results,
Search Sub Assemblies,
"Search by item code,
"Seasonality for setting budgets,
Secret Key,
Secretary,
Section Code,
Secured Loans,
Securities & Commodity Exchanges,
Securities and Deposits,
See All Articles,
See all open tickets,
See past orders,
See past quotations,
Select,
Select Alternate Item,
Select Attribute Values,
Select BOM,
Select BOM and Qty for Production,
"Select BOM,
Select Batch,
Select Batch Numbers,
Select Brand...,
Select Company,
Select Company...,
Select Customer,
Select Days,
Select Default Supplier,
Select DocType,
Select Fiscal Year...,
Select Item (optional),
Select Items based on Delivery Date,
Select Items to Manufacture,
Select Loyalty Program,
Select Patient,
Select Possible Supplier,
Select Quantity,
Select Serial Numbers,
Select Target Warehouse,
Select Warehouse...,
Select an account to print in account currency,
Select at least one value from each of the attributes.,
Select change amount account,
Select company first,
Select students manually for the Activity based Group,
Select the customer or supplier.,
Select the nature of your business.,
Select the program first,
Select to add Serial Number.,
Select your Domains,
Selected Price List should have buying and selling fields checked.,
Sell,
Selling,
Selling Amount,
Selling Price List,
Selling Rate,
"Selling must be checked,
Send Grant Review Email,
Send Now,
Send SMS,
Send mass SMS to your contacts,
Sensitivity,
Sent,
Serial No and Batch,
Serial No is mandatory for Item {0},
Serial No {0} does not belong to Batch {1},
Serial No {0} does not belong to Delivery Note {1},
Serial No {0} does not belong to Item {1},
Serial No {0} does not belong to Warehouse {1},
Serial No {0} does not belong to any Warehouse,
Serial No {0} does not exist,
Serial No {0} has already been received,
Serial No {0} is under maintenance contract upto {1},
Serial No {0} is under warranty upto {1},
Serial No {0} not found,
Serial No {0} not in stock,
Serial No {0} quantity {1} cannot be a fraction,
Serial Nos Required for Serialized Item {0},
Serial Number: {0} is already referenced in Sales Invoice: {1},
Serial Numbers,
Serial Numbers in row {0} does not match with Delivery Note,
Serial no {0} has been already returned,
Serial number {0} entered more than once,
Serialized Inventory,
Series Updated,
Series Updated Successfully,
Series is mandatory,
Service,
Service Level Agreement,
Service Level Agreement.,
Service Level.,
Service Stop Date cannot be after Service End Date,
Service Stop Date cannot be before Service Start Date,
Services,
"Set Default Values like Company,
Set Details,
Set New Release Date,
Set Project and all Tasks to status {0}?,
Set Status,
Set Tax Rule for shopping cart,
Set as Closed,
Set as Completed,
Set as Lost,
Set as Open,
Set default inventory account for perpetual inventory,
Set this if the customer is a Public Administration company.,
Set {0} in asset category {1} or company {2},
"Setting Events to {0},
Setting defaults,
Setting up Email,
Setting up Email Account,
Setting up Employees,
Setting up Taxes,
Setting up company,
Settings,
"Settings for online shopping cart such as shipping rules,
Settings for website homepage,
Settings for website product listing,
Settled,
Setup Gateway accounts.,
Setup SMS gateway settings,
Setup cheque dimensions for printing,
Setup default values for POS Invoices,
Setup mode of POS (Online / Offline),
Setup your Institute in ERPNext,
Share Balance,
Share Ledger,
Share Management,
Share Transfer,
Share Type,
Shareholder,
Ship To State,
Shipments,
Shipping Address,
"Shipping Address does not have country,
Shipping rule only applicable for Buying,
Shipping rule only applicable for Selling,
Shopify Supplier,
Shopping Cart,
Shopping Cart Settings,
Short Name,
Shortage Qty,
Show Completed,
Show Cumulative Amount,
Show Open,
Show Opening Entries,
Show Payment Details,
Show Return Entries,
Show Variant Attributes,
Show Variants,
Show closed,
Show exploded view,
Show only POS,
Show unclosed fiscal year's P&L balances,
Show zero values,
Silt,
Single Variant,
Single unit of an Item.,
"Skipping Leave Allocation for the following employees,
Slideshow,
Slots for {0} are not added to the schedule,
Small,
Soap & Detergent,
Software,
Software Developer,
Softwares,
Soil compositions do not add up to 100,
Sold,
Some emails are invalid,
Some information is missing,
Something went wrong!,
"Sorry,
Source,
Source Name,
Source Warehouse,
Source and Target Location cannot be same,
Source and target warehouse cannot be same for row {0},
Source and target warehouse must be different,
Source of Funds (Liabilities),
Source warehouse is mandatory for row {0},
Specified BOM {0} does not exist for Item {1},
Split,
Split Batch,
Split Issue,
Sports,
Standard Buying,
Standard Selling,
Standard contract terms for Sales or Purchase.,
Start Date,
Start Date of Agreement can't be greater than or equal to End Date.,
Start Year,
Start date should be less than end date for Item {0},
Start date should be less than end date for task {0},
Start day is greater than end day in task '{0}',
Start on,
State,
State/UT Tax,
Statement of Account,
Status must be one of {0},
Stock,
Stock Adjustment,
Stock Analytics,
Stock Assets,
Stock Available,
Stock Balance,
Stock Entries already created for Work Order ,
Stock Entry,
Stock Entry {0} created,
Stock Entry {0} is not submitted,
Stock Expenses,
Stock In Hand,
Stock Items,
Stock Ledger,
Stock Ledger Entries and GL Entries are reposted for the selected Purchase Receipts,
Stock Levels,
Stock Liabilities,
Stock Qty,
Stock Received But Not Billed,
Stock Reports,
Stock Summary,
Stock Transactions,
Stock UOM,
Stock Value,
Stock balance in Batch {0} will become negative {1} for Item {2} at Warehouse {3},
Stock cannot be updated against Delivery Note {0},
Stock cannot be updated against Purchase Receipt {0},
Stock cannot exist for Item {0} since has variants,
Stock transactions before {0} are frozen,
Stop,
Stopped,
"Stopped Work Order cannot be cancelled,
Stores,
Student,
Student Activity,
Student Address,
Student Admissions,
Student Attendance,
"Student Batches help you track attendance,
Student Email Address,
Student Email ID,
Student Group,
Student Group Strength,
Student Group is already updated.,
Student Group: ,
Student ID,
Student ID: ,
Student LMS Activity,
Student Mobile No.,
Student Name,
Student Name: ,
Student Report Card,
Student is already enrolled.,
Student {0} - {1} appears Multiple times in row {2} & {3},
Student {0} does not belong to group {1},
Student {0} exist against student applicant {1},
"Students are at the heart of the system,
Sub Assemblies,
Sub Type,
Sub-contracting,
Subcontract,
Subject,
Submit,
Submit this Work Order for further processing.,
Subscription,
Subscription Management,
Subscriptions,
Subtotal,
Successful,
Successfully Reconciled,
Successfully Set Supplier,
Successfully created payment entries,
Successfully deleted all transactions related to this company!,
Sum of Scores of Assessment Criteria needs to be {0}.,
Sum of points for all goals should be 100. It is {0},
Summary,
Summary for this month and pending activities,
Summary for this week and pending activities,
Sunday,
Suplier,
Supplier,
Supplier Group,
Supplier Group master.,
Supplier Id,
Supplier Invoice Date cannot be greater than Posting Date,
Supplier Invoice No,
Supplier Invoice No exists in Purchase Invoice {0},
Supplier Name,
Supplier Part No,
Supplier Quotation,
Supplier Scorecard,
Supplier Warehouse mandatory for sub-contracted Purchase Receipt,
Supplier database.,
Supplier {0} not found in {1},
Supplier(s),
Supplies made to UIN holders,
Supplies made to Unregistered Persons,
Suppliies made to Composition Taxable Persons,
Supply Type,
Support,
Support Analytics,
Support Settings,
Support Tickets,
Support queries from customers.,
Susceptible,
Sync has been temporarily disabled because maximum retries have been exceeded,
Syntax error in condition: {0},
Syntax error in formula or condition: {0},
System Manager,
TDS Rate %,
Tap items to add them here,
Target,
Target ({}),
Target On,
Target Warehouse,
Target warehouse is mandatory for row {0},
Task,
Tasks,
Tasks have been created for managing the {0} disease (on row {1}),
Tax,
Tax Assets,
Tax Category,
Tax Category for overriding tax rates.,
"Tax Category has been changed to ""Total"" because all the Items are non-stock items",
Tax ID,
Tax Id: ,
Tax Rate,
Tax Rule Conflicts with {0},
Tax Rule for transactions.,
Tax Template is mandatory.,
Tax Withholding rates to be applied on transactions.,
Tax template for buying transactions.,
Tax template for item tax rates.,
Tax template for selling transactions.,
Taxable Amount,
Taxes,
Technology,
Telecommunications,
Telephone Expenses,
Television,
Template Name,
Template of terms or contract.,
Templates of supplier scorecard criteria.,
Templates of supplier scorecard variables.,
Templates of supplier standings.,
Temporarily on Hold,
Temporary,
Temporary Accounts,
Temporary Opening,
Terms and Conditions,
Terms and Conditions Template,
Territory,
Thank you for your business!,
The 'From Package No.' field must neither be empty nor it's value less than 1.,
The Brand,
The Item {0} cannot have Batch,
The Loyalty Program isn't valid for the selected company,
The Payment Term at row {0} is possibly a duplicate.,
The Term End Date cannot be earlier than the Term Start Date. Please correct the dates and try again.,
The Term End Date cannot be later than the Year End Date of the Academic Year to which the term is linked (Academic Year {}). Please correct the dates and try again.,
The Term Start Date cannot be earlier than the Year Start Date of the Academic Year to which the term is linked (Academic Year {}). Please correct the dates and try again.,
The Year End Date cannot be earlier than the Year Start Date. Please correct the dates and try again.,
The amount of {0} set in this payment request is different from the calculated amount of all payment plans: {1}. Make sure this is correct before submitting the document.,
The field From Shareholder cannot be blank,
The field To Shareholder cannot be blank,
The fields From Shareholder and To Shareholder cannot be blank,
The folio numbers are not matching,
The holiday on {0} is not between From Date and To Date,
The name of the institute for which you are setting up this system.,
The name of your company for which you are setting up this system.,
The number of shares and the share numbers are inconsistent,
The payment gateway account in plan {0} is different from the payment gateway account in this payment request,
The selected BOMs are not for the same item,
The selected item cannot have Batch,
The seller and the buyer cannot be the same,
The shareholder does not belong to this company,
The shares already exist,
The shares don't exist with the {0},
"The task has been enqueued as a background job. In case there is any issue on processing in background,
"Then Pricing Rules are filtered out based on Customer,
"There are inconsistencies between the rate,
There can be multiple tiered collection factor based on the total spent. But the conversion factor for redemption will always be same for all the tier.,
There can only be 1 Account per Company in {0} {1},
"There can only be one Shipping Rule Condition with 0 or blank value for ""To Value""",
There is not enough leave balance for Leave Type {0},
There is nothing to edit.,
There isn't any item variant for the selected item,
"There seems to be an issue with the server's GoCardless configuration. Don't worry,
There were errors creating Course Schedule,
There were errors.,
This Item is a Template and cannot be used in transactions. Item attributes will be copied over into the variants unless 'No Copy' is set,
This Item is a Variant of {0} (Template).,
This Month's Summary,
This Week's Summary,
This action will stop future billing. Are you sure you want to cancel this subscription?,
This covers all scorecards tied to this Setup,
This document is over limit by {0} {1} for item {4}. Are you making another {3} against the same {2}?,
This is a root account and cannot be edited.,
This is a root customer group and cannot be edited.,
This is a root department and cannot be edited.,
This is a root healthcare service unit and cannot be edited.,
This is a root item group and cannot be edited.,
This is a root sales person and cannot be edited.,
This is a root supplier group and cannot be edited.,
This is a root territory and cannot be edited.,
This is an example website auto-generated from ERPNext,
This is based on logs against this Vehicle. See timeline below for details,
This is based on stock movement. See {0} for details,
This is based on the Time Sheets created against this project,
This is based on the attendance of this Student,
This is based on transactions against this Customer. See timeline below for details,
This is based on transactions against this Healthcare Practitioner.,
This is based on transactions against this Patient. See timeline below for details,
This is based on transactions against this Sales Person. See timeline below for details,
This is based on transactions against this Supplier. See timeline below for details,
This {0} conflicts with {1} for {2} {3},
Time Sheet for manufacturing.,
Time Tracking,
"Time slot skiped,
Time slots added,
Time(in mins),
Timer,
Timer exceeded the given hours.,
Timesheet,
Timesheet for tasks.,
Timesheet {0} is already completed or cancelled,
Timesheets,
"Timesheets help keep track of time,
Titles for print templates e.g. Proforma Invoice.,
To,
To Address 1,
To Address 2,
To Bill,
To Date,
To Date cannot be before From Date,
To Date cannot be less than From Date,
To Date must be greater than From Date,
To Date should be within the Fiscal Year. Assuming To Date = {0},
To Datetime,
To Deliver,
To Deliver and Bill,
To Fiscal Year,
To GSTIN,
To Party Name,
To Pin Code,
To Place,
To Receive,
To Receive and Bill,
To State,
To Warehouse,
To create a Payment Request reference document is required,
"To filter based on Party,
"To get the best out of ERPNext,
"To include tax in row {0} in Item rate,
To make Customer based incentive schemes.,
"To merge,
"To not apply Pricing Rule in a particular transaction,
"To set this Fiscal Year as Default,
To view logs of Loyalty Points assigned to a Customer.,
To {0},
To {0} | {1} {2},
Toggle Filters,
Too many columns. Export the report and print it using a spreadsheet application.,
Tools,
Total (Credit),
Total (Without Tax),
Total Achieved,
Total Actual,
Total Amount,
Total Amount Credited,
Total Applicable Charges in Purchase Receipt Items table must be same as Total Taxes and Charges,
Total Budget,
Total Collected: {0},
Total Commission,
Total Contribution Amount: {0},
Total Credit/ Debit Amount should be same as linked Journal Entry,
Total Debit must be equal to Total Credit. The difference is {0},
Total Invoiced Amount,
Total Order Considered,
Total Order Value,
Total Outgoing,
Total Outstanding,
Total Outstanding Amount,
Total Outstanding: {0},
Total Paid Amount,
Total Payment Amount in Payment Schedule must be equal to Grand / Rounded Total,
Total Payments,
Total Qty,
Total Quantity,
Total Revenue,
Total Student,
Total Target,
Total Tax,
Total Taxable Amount,
Total Taxable Value,
Total Unpaid: {0},
Total Variance,
Total Weightage of all Assessment Criteria must be 100%,
Total advance ({0}) against Order {1} cannot be greater than the Grand Total ({2}),
Total advance amount cannot be greater than total claimed amount,
Total allocated leaves are more days than maximum allocation of {0} leave type for employee {1} in the period,
Total allocated leaves are more than days in the period,
Total allocated percentage for sales team should be 100,
Total cannot be zero,
Total contribution percentage should be equal to 100,
Total hours: {0},
Total {0} ({1}),
"Total {0} for all items is zero,
Total(Amt),
Total(Qty),
Traceability,
Track Leads by Lead Source.,
Transaction,
Transaction Date,
Transaction Type,
Transaction currency must be same as Payment Gateway currency,
Transaction not allowed against stopped Work Order {0},
Transaction reference no {0} dated {1},
Transactions,
Transactions can only be deleted by the creator of the Company,
Transfer,
Transfer Material,
Transfer Type,
Transfer an asset from one warehouse to another,
Transfered,
Transferred Quantity,
Transport Receipt Date,
Transport Receipt No,
Transportation,
Transporter ID,
Transporter Name,
Travel Expenses,
Tree Type,
Tree of Bill of Materials,
Tree of Item Groups.,
Tree of Procedures,
Tree of Quality Procedures.,
Tree of financial Cost Centers.,
Tree of financial accounts.,
Treshold {0}% appears more than once,
Trial Period End Date Cannot be before Trial Period Start Date,
Trialling,
Type of Business,
Types of activities for Time Logs,
UOM,
UOM Conversion factor is required in row {0},
UOM coversion factor required for UOM: {0} in Item: {1},
URL,
Unable to find exchange rate for {0} to {1} for key date {2}. Please create a Currency Exchange record manually,
Unable to find score starting at {0}. You need to have standing scores covering 0 to 100,
Unable to find variable: ,
Unblock Invoice,
Uncheck all,
Unclosed Fiscal Years Profit / Loss (Credit),
Unit,
Unit of Measure,
Unit of Measure {0} has been entered more than once in Conversion Factor Table,
Unknown,
Unpaid,
Unsecured Loans,
Unsubscribe from this Email Digest,
Unsubscribed,
Until,
Unverified Webhook Data,
Update Account Name / Number,
Update Account Number / Name,
Update Cost,
Update Items,
Update Print Format,
Update bank payment dates with journals.,
Update in progress. It might take a while.,
Update rate as per last purchase,
Update stock must be enable for the purchase invoice {0},
Updating Variants...,
Upload your letter head and logo. (you can edit them later).,
Upper Income,
Use Sandbox,
User,
User ID,
User ID not set for Employee {0},
User Remark,
User has not applied rule on the invoice {0},
User {0} already exists,
User {0} created,
User {0} does not exist,
User {0} doesn't have any default POS Profile. Check Default at Row {1} for this User.,
User {0} is already assigned to Employee {1},
User {0} is already assigned to Healthcare Practitioner {1},
Users,
Utility Expenses,
Valid From Date must be lesser than Valid Upto Date.,
Valid Till,
Valid from and valid upto fields are mandatory for the cumulative,
Valid from date must be less than valid upto date,
Valid till date cannot be before transaction date,
Validity,
Validity period of this quotation has ended.,
Valuation Rate,
Valuation Rate is mandatory if Opening Stock entered,
Valuation type charges can not marked as Inclusive,
Value Or Qty,
Value Proposition,
Value for Attribute {0} must be within the range of {1} to {2} in the increments of {3} for Item {4},
Value must be between {0} and {1},
"Values of exempt,
Variance,
Variance ({}),
Variant,
Variant Attributes,
Variant Based On cannot be changed,
Variant Details Report,
Variant creation has been queued.,
Vehicle Expenses,
Vehicle No,
Vehicle Type,
Vehicle/Bus Number,
Venture Capital,
View Chart of Accounts,
View Fees Records,
View Form,
View Lab Tests,
View Leads,
View Ledger,
View Now,
View a list of all the help videos,
View in Cart,
Visit report for maintenance call.,
Visit the forums,
Vital Signs,
Volunteer,
Volunteer Type information.,
Volunteer information.,
Voucher #,
Voucher No,
Voucher Type,
WIP Warehouse,
Warehouse can not be deleted as stock ledger entry exists for this warehouse.,
Warehouse cannot be changed for Serial No.,
Warehouse is mandatory,
Warehouse is mandatory for stock Item {0} in row {1},
Warehouse not found in the system,
"Warehouse required at Row No {0},
Warehouse required for stock Item {0},
Warehouse {0} can not be deleted as quantity exists for Item {1},
Warehouse {0} does not belong to company {1},
Warehouse {0} does not exist,
"Warehouse {0} is not linked to any account,
Warehouses with child nodes cannot be converted to ledger,
Warehouses with existing transaction can not be converted to group.,
Warehouses with existing transaction can not be converted to ledger.,
Warning,
Warning: Another {0} # {1} exists against stock entry {2},
Warning: Invalid SSL certificate on attachment {0},
Warning: Invalid attachment {0},
Warning: Material Requested Qty is less than Minimum Order Qty,
Warning: Sales Order {0} already exists against Customer's Purchase Order {1},
Warning: System will not check overbilling since amount for Item {0} in {1} is zero,
Warranty,
Warranty Claim,
Warranty Claim against Serial No.,
Website,
Website Image should be a public file or website URL,
Website Image {0} attached to Item {1} cannot be found,
Website Manager,
Website Settings,
Wednesday,
Week,
Weekly,
"Weight is mentioned,
Welcome email sent,
Welcome to ERPNext,
What do you need help with?,
What does it do?,
Where manufacturing operations are carried.,
White,
Wire Transfer,
WooCommerce Products,
Work In Progress,
Work Order,
Work Order already created for all items with BOM,
Work Order cannot be raised against a Item Template,
Work Order has been {0},
Work Order not created,
Work Order {0} must be cancelled before cancelling this Sales Order,
Work Order {0} must be submitted,
Work Orders Created: {0},
Work-in-Progress Warehouse is required before Submit,
Working,
Working Hours,
Workstation,
Workstation is closed on the following dates as per Holiday List: {0},
Wrapping up,
Wrong Password,
Year start date or end date is overlapping with {0}. To avoid please set company,
You are not authorized to add or update entries before {0},
You are not authorized to set Frozen value,
You can not change rate if BOM mentioned agianst any item,
You can not enter current voucher in 'Against Journal Entry' column,
You can only have Plans with the same billing cycle in a Subscription,
You can only redeem max {0} points in this order.,
You can only renew if your membership expires within 30 days,
You can only select a maximum of one option from the list of check boxes.,
You can't redeem Loyalty Points having more value than the Grand Total.,
You cannot credit and debit same account at the same time,
You cannot delete Fiscal Year {0}. Fiscal Year {0} is set as default in Global Settings,
You cannot delete Project Type 'External',
You cannot edit root node.,
You cannot restart a Subscription that is not cancelled.,
You don't have enough Loyalty Points to redeem,
You have already assessed for the assessment criteria {}.,
You have already selected items from {0} {1},
You have been invited to collaborate on the project: {0},
You have entered duplicate items. Please rectify and try again.,
You need to be a user other than Administrator with System Manager and Item Manager roles to register on Marketplace.,
You need to be a user with System Manager and Item Manager roles to add users to Marketplace.,
You need to be a user with System Manager and Item Manager roles to register on Marketplace.,
You need to enable Shopping Cart,
You will lose records of previously generated invoices. Are you sure you want to restart this subscription?,
Your Organization,
Your cart is Empty,
Your email address...,
Your order is out for delivery!,
Your tickets,
ZIP Code,
[Error],
[{0}](#Form/Item/{0}) is out of stock,
`Freeze Stocks Older Than` should be smaller than %d days.,
based_on,
cannot be greater than 100,
disabled user,
"e.g. ""Build tools for builders""",
"e.g. ""Primary School"" or ""University""",
"e.g. Bank,
hidden,
modified,
old_parent,
on,
{0} '{1}' is disabled,
{0} '{1}' not in Fiscal Year {2},
{0} ({1}) cannot be greater than planned quantity ({2}) in Work Order {3},
{0} - {1} is inactive student,
{0} - {1} is not enrolled in the Batch {2},
{0} - {1} is not enrolled in the Course {2},
{0} Budget for Account {1} against {2} {3} is {4}. It will exceed by {5},
{0} Digest,
{0} Request for {1},
{0} Result submittted,
{0} Serial Numbers required for Item {1}. You have provided {2}.,
{0} Student Groups created.,
{0} Students have been enrolled,
{0} against Bill {1} dated {2},
{0} against Purchase Order {1},
{0} against Sales Invoice {1},
{0} against Sales Order {1},
{0} asset cannot be transferred,
{0} can not be negative,
{0} created,
"{0} currently has a {1} Supplier Scorecard standing,
"{0} currently has a {1} Supplier Scorecard standing,
{0} does not belong to Company {1},
{0} does not have a Healthcare Practitioner Schedule. Add it in Healthcare Practitioner master,
{0} entered twice in Item Tax,
{0} for {1},
{0} has been submitted successfully,
{0} has fee validity till {1},
{0} hours,
{0} in row {1},
{0} is blocked so this transaction cannot proceed,
{0} is mandatory,
{0} is mandatory for Item {1},
{0} is mandatory. Maybe Currency Exchange record is not created for {1} to {2}.,
{0} is not a stock Item,
{0} is not a valid Batch Number for Item {1},
{0} is not added in the table,
{0} is now the default Fiscal Year. Please refresh your browser for the change to take effect.,
{0} is on hold till {1},
{0} item found.,
{0} items found.,
{0} items in progress,
{0} items produced,
{0} must appear only once,
{0} must be negative in return document,
{0} not allowed to transact with {1}. Please change the Company.,
{0} not found for item {1},
{0} parameter is invalid,
{0} payment entries can not be filtered by {1},
{0} should be a value between 0 and 100,
{0} units of [{1}](#Form/Item/{1}) found in [{2}](#Form/Warehouse/{2}),
{0} units of {1} needed in {2} on {3} {4} for {5} to complete this transaction.,
{0} units of {1} needed in {2} to complete this transaction.,
{0} valid serial nos for Item {1},
{0} variants created.,
{0} {1} created,
{0} {1} does not exist,
{0} {1} has been modified. Please refresh.,
{0} {1} has not been submitted so the action cannot be completed,
"{0} {1} is associated with {2},
{0} {1} is cancelled or closed,
{0} {1} is cancelled or stopped,
{0} {1} is cancelled so the action cannot be completed,
{0} {1} is closed,
{0} {1} is disabled,
{0} {1} is frozen,
{0} {1} is fully billed,
{0} {1} is not active,
{0} {1} is not associated with {2} {3},
{0} {1} is not present in the parent company,
{0} {1} is not submitted,
{0} {1} is {2},
{0} {1} must be submitted,
{0} {1} not in any active Fiscal Year.,
{0} {1} status is {2},
{0} {1}: 'Profit and Loss' type account {2} not allowed in Opening Entry,
{0} {1}: Account {2} does not belong to Company {3},
{0} {1}: Account {2} is inactive,
{0} {1}: Accounting Entry for {2} can only be made in currency: {3},
{0} {1}: Cost Center is mandatory for Item {2},
{0} {1}: Cost Center is required for 'Profit and Loss' account {2}. Please set up a default Cost Center for the Company.,
{0} {1}: Cost Center {2} does not belong to Company {3},
{0} {1}: Customer is required against Receivable account {2},
{0} {1}: Either debit or credit amount is required for {2},
{0} {1}: Supplier is required against Payable account {2},
{0}% Billed,
{0}% Delivered,
{0}: From {1},
{0}: {1} does not exists,
{0}: {1} not found in Invoice Details table,
{} of {},
Assigned To,
Chat,
Completed By,
Day of Week,
Default Value,
Email Group,
Email Settings,
Email not sent to {0} (unsubscribed / disabled),
Error Message,
Fieldtype,
Help Articles,
ID,
Import,
Language,
Likes,
Merge with existing,
Orientation,
Parent,
Payment Failed,
Personal,
Post,
Postal Code,
Provider,
Read Only,
Recipient,
Reviews,
Sender,
There were errors while sending email. Please try again.,
Values Changed,
or,
Ageing Range 4,
Allocated amount cannot be greater than unadjusted amount,
Allocated amount cannot be negative,
"Difference Account must be a Asset/Liability type account,
Import Successful,
Please save first,
Price not found for item {0} in price list {1},
Warehouse Type,
'Date' is required,
Budgets,
Bundle Qty,
Company GSTIN,
Company field is required,
Creating Dimensions...,
Duplicate entry against the item code {0} and manufacturer {1},
Invalid GSTIN! The input you've entered doesn't match the GSTIN format for UIN Holders or Non-Resident OIDAR Service Providers,
Invoice Grand Total,
Last carbon check date cannot be a future date,
Make Stock Entry,
Quality Feedback,
Quality Feedback Template,
Rules for applying different promotional schemes.,
Show {0},
Target Details,
{0} already has a Parent Procedure {1}.,
API,
Annual,
Change,
Contact Email,
From Date,
Group By,
Invalid URL,
Landscape,
Naming Series,
No data to export,
Portrait,
Print Heading,
Scheduler Inactive,
Scheduler is inactive. Cannot import data.,
Show Document,
Show Traceback,
Video,
% Of Grand Total,
<b>Company</b> is a mandatory filter.,
<b>From Date</b> is a mandatory filter.,
<b>From Time</b> cannot be later than <b>To Time</b> for {0},
<b>To Date</b> is a mandatory filter.,
A new appointment has been created for you with {0},
Account Value,
Account is mandatory to get payment entries,
Account is not set for the dashboard chart {0},
Account {0} does not exists in the dashboard chart {1},
Account: <b>{0}</b> is capital Work in progress and can not be updated by Journal Entry,
Account: {0} is not permitted under Payment Entry,
Accounting Dimension <b>{0}</b> is required for 'Balance Sheet' account {1}.,
Accounting Dimension <b>{0}</b> is required for 'Profit and Loss' account {1}.,
Accounting Masters,
Accounting Period overlaps with {0},
Activity,
Add / Manage Email Accounts.,
Add Child,
Add Multiple,
Add Participants,
Add to Featured Item,
Add your review,
Add/Edit Coupon Conditions,
Added to Featured Items,
Added {0} ({1}),
Address Line 1,
Addresses,
Admission End Date should be greater than Admission Start Date.,
All,
All bank transactions have been created,
All the depreciations has been booked,
Allow Resetting Service Level Agreement from Support Settings.,
Amount of {0} is required for Loan closure,
Applied Coupon Code,
Apply Coupon Code,
Appointment Booking,
"As there are existing transactions against item {0},
Asset Id,
Asset Value,
Asset Value Adjustment cannot be posted before Asset's purchase date <b>{0}</b>.,
Asset {0} does not belongs to the custodian {1},
Asset {0} does not belongs to the location {1},
At least one of the Applicable Modules should be selected,
Atleast one asset has to be selected.,
Authentication Failed,
Automatic Reconciliation,
Available For Use Date,
Available Stock,
"Available quantity is {0},
BOM 1,
BOM 2,
BOM Comparison Tool,
BOM recursion: {0} cannot be child of {1},
BOM recursion: {0} cannot be parent or child of {1},
Back to Messages,
Bank Data mapper doesn't exist,
Bank Details,
Bank account '{0}' has been synchronized,
Bank account {0} already exists and could not be created again,
Bank accounts added,
Batch no is required for batched item {0},
Billing Date,
Billing Interval Count cannot be less than 1,
Blue,
Book,
Book Appointment,
Brand,
Browse,
Call Connected,
Call Disconnected,
Call Missed,
Call Summary,
Call Summary Saved,
Cancelled,
Cannot Calculate Arrival Time as Driver Address is Missing.,
Cannot Optimize Route as Driver Address is Missing.,
Cannot complete task {0} as its dependant task {1} are not ccompleted / cancelled.,
Cannot find a matching Item. Please select some other value for {0}.,
"Cannot overbill for Item {0} in row {1} more than {2}. To allow over-billing,
"Capacity Planning Error,
Categories,
Changes in {0},
Chart,
Choose a corresponding payment,
Click on the link below to verify your email and confirm the appointment,
Close,
Communication,
Compact Item Print,
Company,
Company of asset {0} and purchase document {1} doesn't matches.,
Compare BOMs for changes in Raw Materials and Operations,
Compare List function takes on list arguments,
Complete,
Completed,
Completed Quantity,
Connect your Exotel Account to ERPNext and track call logs,
Connect your bank accounts to ERPNext,
Contact Seller,
Continue,
Cost Center: {0} does not exist,
Couldn't Set Service Level Agreement {0}.,
Country,
Country Code in File does not match with country code set up in the system,
Create New Contact,
Create New Lead,
Create Pick List,
Create Quality Inspection for Item {0},
Creating Accounts...,
Creating bank entries...,
Credit limit is already defined for the Company {0},
Ctrl + Enter to submit,
Ctrl+Enter to submit,
Currency,
Current Status,
Customer PO,
Daily,
Date,
Date of Birth cannot be greater than Joining Date.,
Dear,
Default,
Define coupon codes.,
Delayed Days,
Delete,
Delivered Quantity,
Delivery Notes,
Depreciated Amount,
Description,
Designation,
Difference Value,
Dimension Filter,
Disabled,
Disbursement and Repayment,
Distance cannot be greater than 4000 kms,
Do you want to submit the material request,
Doctype,
Document {0} successfully uncleared,
Download Template,
Dr,
Due Date,
Duplicate,
Duplicate Project with Tasks,
Duplicate project has been created,
E-Way Bill JSON can only be generated from a submitted document,
E-Way Bill JSON can only be generated from submitted document,
E-Way Bill JSON cannot be generated for Sales Return as of now,
ERPNext could not find any matching payment entry,
Earliest Age,
Edit Details,
Either GST Transporter ID or Vehicle No is required if Mode of Transport is Road,
Email,
Email Campaigns,
Employee ID is linked with another instructor,
Employee Tax and Benefits,
Employee is required while issuing Asset {0},
Employee {0} does not belongs to the company {1},
Enable Auto Re-Order,
End Date of Agreement can't be less than today.,
End Time,
Energy Point Leaderboard,
Enter API key in Google Settings.,
Enter Supplier,
Enter Value,
Entity Type,
Error,
Error in Exotel incoming call,
Error: {0} is mandatory field,
Exception occurred while reconciling {0},
Expected and Discharge dates cannot be less than Admission Schedule date,
Expired,
Export,
Export not allowed. You need {0} role to export.,
Failed to add Domain,
Fetch Items from Warehouse,
Fetching...,
Field,
Filters,
Finding linked payments,
Fleet Management,
Following fields are mandatory to create address:,
For Month,
"For item {0} at row {1},
For operation {0}: Quantity ({1}) can not be greter than pending quantity({2}),
For quantity {0} should not be greater than work order quantity {1},
Free item not set in the pricing rule {0},
From Date and To Date are Mandatory,
From employee is required while receiving Asset {0} to a target location,
Future Payment Amount,
Future Payment Ref,
Future Payments,
GST HSN Code does not exist for one or more items,
Generate E-Way Bill JSON,
Get Items,
Get Outstanding Documents,
Goal,
Greater Than Amount,
Green,
Group,
Group By Customer,
Group By Supplier,
Group Node,
Group Warehouses cannot be used in transactions. Please change the value of {0},
Help,
Help Article,
"Helps you keep tracks of Contracts based on Supplier,
Helps you manage appointments with your leads,
Home,
IBAN is not valid,
Import Data from CSV / Excel files.,
In Progress,
Incoming call from {0},
Incorrect Warehouse,
Invalid Barcode. There is no Item attached to this barcode.,
Invalid credentials,
Issue Priority.,
Issue Type.,
"It seems that there is an issue with the server's stripe configuration. In case of failure,
Item Reported,
Item listing removed,
Item taxes updated,
Item {0}: {1} qty produced. ,
Joining Date can not be greater than Leaving Date,
Lab Test Item {0} already exist,
Last Issue,
Latest Age,
Leaves Taken,
Less Than Amount,
Liabilities,
Loading...,
Loan Applications from customers and employees.,
Loan Processes,
Loan Type for interest and penalty rates,
Loans,
Loans provided to customers and employees.,
Location,
Looks like someone sent you to an incomplete URL. Please ask them to look into it.,
Make Journal Entry,
Make Purchase Invoice,
Manufactured,
Mark Work From Home,
Master,
Max strength cannot be less than zero.,
Maximum attempts for this quiz reached!,
Message,
Missing Values Required,
Mobile No,
Mobile Number,
Month,
Name,
Near you,
Net Profit/Loss,
New Expense,
New Invoice,
New Payment,
New release date should be in the future,
No Account matched these filters: {},
No communication found.,
No correct answer is set for {0},
No description,
No issue has been raised by the caller.,
No items to publish,
No outstanding invoices found,
No outstanding invoices found for the {0} {1} which qualify the filters you have specified.,
No outstanding invoices require exchange rate revaluation,
No reviews yet,
No views yet,
Non stock items,
Not Allowed,
Not allowed to create accounting dimension for {0},
Not permitted. Please disable the Lab Test Template,
Note,
Notes: ,
On Converting Opportunity,
On Purchase Order Submission,
On Sales Order Submission,
On Task Completion,
On {0} Creation,
Only .csv and .xlsx files are supported currently,
Open,
Open Contact,
Open Lead,
Opening and Closing,
Operating Cost as per Work Order / BOM,
Order Amount,
Page {0} of {1},
Paid amount cannot be less than {0},
Parent Company must be a group company,
Passing Score value should be between 0 and 100,
Patient History,
Pause,
Pay,
Payment Document Type,
Payment Name,
Pending,
Performance,
Period based On,
Perpetual inventory required for the company {0} to view this report.,
Phone,
Pick List,
Plaid authentication error,
Plaid public token error,
Plaid transactions sync error,
Please check the error log for details about the import errors,
Please create <b>DATEV Settings</b> for Company <b>{}</b>.,
Please create adjustment Journal Entry for amount {0} ,
Please do not create more than 500 items at a time,
Please enter <b>Difference Account</b> or set default <b>Stock Adjustment Account</b> for company {0},
Please enter GSTIN and state for the Company Address {0},
Please enter Item Code to get item taxes,
Please enter Warehouse and Date,
Please login as a Marketplace User to edit this item.,
Please login as a Marketplace User to report this item.,
Please select <b>Template Type</b> to download template,
Please select Customer first,
Please select Item Code first,
Please select a Delivery Note,
Please select a Sales Person for item: {0},
Please select another payment method. Stripe does not support transactions in currency '{0}',
Please select the customer.,
Please set a Supplier against the Items to be considered in the Purchase Order.,
Please set account heads in GST Settings for Compnay {0},
Please set an email id for the Lead {0},
Please set default UOM in Stock Settings,
Please set filter based on Item or Warehouse due to a large amount of entries.,
Please set up the Campaign Schedule in the Campaign {0},
Please set valid GSTIN No. in Company Address for company {0},
Please set {0},
Please setup a default bank account for company {0},
Please specify,
Please specify a {0},
Priority,
Priority has been changed to {0}.,
Priority {0} has been repeated.,
Processing XML Files,
Profitability,
Project,
Provide the academic year and set the starting and ending date.,
Public token is missing for this bank,
Publish 1 Item,
Publish Items,
Publish More Items,
Publish Your First Items,
Publish {0} Items,
Published Items,
Purchase Invoice cannot be made against an existing asset {0},
Purchase Invoices,
Purchase Orders,
Purchase Receipt doesn't have any Item for which Retain Sample is enabled.,
Purchase Return,
Qty of Finished Goods Item,
Quality Inspection required for Item {0} to submit,
Quantity to Manufacture,
Quantity to Manufacture can not be zero for the operation {0},
Quarterly,
Queued,
Quick Entry,
Quiz {0} does not exist,
Quotation Amount,
Rate or Discount is required for the price discount.,
Reason,
Reconcile Entries,
Reconcile this account,
Reconciled,
Recruitment,
Red,
Release date must be in the future,
Relieving Date must be greater than or equal to Date of Joining,
Rename,
Rename Not Allowed,
Report Item,
Report this Item,
Reserved Qty for Subcontract: Raw materials quantity to make subcontracted items.,
Reset,
Reset Service Level Agreement,
Resetting Service Level Agreement.,
Return amount cannot be greater unclaimed amount,
Review,
Room,
Room Type,
Row # ,
Row #{0}: Accepted Warehouse and Supplier Warehouse cannot be same,
Row #{0}: Cannot delete item {1} which has already been billed.,
Row #{0}: Cannot delete item {1} which has already been delivered,
Row #{0}: Cannot delete item {1} which has already been received,
Row #{0}: Cannot delete item {1} which has work order assigned to it.,
Row #{0}: Cannot delete item {1} which is assigned to customer's purchase order.,
Row #{0}: Cannot select Supplier Warehouse while suppling raw materials to subcontractor,
Row #{0}: Cost Center {1} does not belong to company {2},
Row #{0}: Operation {1} is not completed for {2} qty of finished goods in Work Order {3}. Please update operation status via Job Card {4}.,
Row #{0}: Payment document is required to complete the transaction,
Row #{0}: Quantity for Item {1} cannot be zero.,
Row #{0}: Serial No {1} does not belong to Batch {2},
Row #{0}: Service End Date cannot be before Invoice Posting Date,
Row #{0}: Service Start Date cannot be greater than Service End Date,
Row #{0}: Service Start and End Date is required for deferred accounting,
Row {0}: Invalid Item Tax Template for item {1},
Row {0}: Quantity not available for {4} in warehouse {1} at posting time of the entry ({2} {3}),
Row {0}: user has not applied the rule {1} on the item {2},
Row {0}:Sibling Date of Birth cannot be greater than today.,
Row({0}): {1} is already discounted in {2},
Rows Added in {0},
Rows Removed in {0},
Save,
Save Item,
Saved Items,
Search Items ...,
Search for a payment,
Search for anything ...,
Search results for,
Select Difference Account,
Select a Default Priority.,
Select a company,
Select finance book for the item {0} at row {1},
Select only one Priority as Default.,
Seller Information,
Send,
Send a message,
Sending,
Sends Mails to lead or contact based on a Campaign schedule,
Serial Number Created,
Serial Numbers Created,
Serial no(s) required for serialized item {0},
Series,
Server Error,
Service Level Agreement has been changed to {0}.,
Service Level Agreement was reset.,
Service Level Agreement with Entity Type {0} and Entity {1} already exists.,
Set Meta Tags,
Set {0} in company {1},
Setup,
Shift Management,
Show Future Payments,
Show Linked Delivery Notes,
Show Sales Person,
Show Stock Ageing Data,
Show Warehouse-wise Stock,
Size,
Something went wrong while evaluating the quiz.,
Sr,
Start,
Start Date cannot be before the current date,
Start Time,
Status,
Status must be Cancelled or Completed,
Stock Balance Report,
Stock Entry has been already created against this Pick List,
Stock Ledger ID,
Stock Value ({0}) and Account Balance ({1}) are out of sync for account {2} and it's linked warehouses.,
Stores - {0},
Student with email {0} does not exist,
Submit Review,
Submitted,
Supplier Addresses And Contacts,
Synchronize this account,
Tag,
Target Location is required while receiving Asset {0} from an employee,
Target Location is required while transferring Asset {0},
Target Location or To Employee is required while receiving Asset {0},
Task's {0} End Date cannot be after Project's End Date.,
Task's {0} Start Date cannot be after Project's End Date.,
Tax Account not specified for Shopify Tax {0},
Tax Total,
Template,
The Campaign '{0}' already exists for the {1} '{2}',
The difference between from time and To Time must be a multiple of Appointment,
The field Asset Account cannot be blank,
The field Equity/Liability Account cannot be blank,
The following serial numbers were created: <br><br> {0},
The parent account {0} does not exists in the uploaded template,
The question cannot be duplicate,
The selected payment entry should be linked with a creditor bank transaction,
The selected payment entry should be linked with a debtor bank transaction,
The total allocated amount ({0}) is greated than the paid amount ({1}).,
This Service Level Agreement is specific to Customer {0},
This action will unlink this account from any external service integrating ERPNext with your bank accounts. It cannot be undone. Are you certain ?,
This bank account is already synchronized,
This bank transaction is already fully reconciled,
This page keeps track of items you want to buy from sellers.,
This page keeps track of your items in which buyers have showed some interest.,
Thursday,
Title,
"To allow over billing,
"To allow over receipt / delivery,
Total,
Total Payment Request amount cannot be greater than {0} amount,
Total payments amount can't be greater than {},
Totals,
Transactions already retreived from the statement,
Transfer Material to Supplier,
Transport Receipt No and Date are mandatory for your chosen Mode of Transport,
Tuesday,
Type,
Unable to find the time slot in the next {0} days for the operation {1}.,
Unable to update remote activity,
Unknown Caller,
Unlink external integrations,
Unpublish Item,
Unreconciled,
Unsupported GST Category for E-Way Bill JSON generation,
Update,
Update Taxes for Items,
"Upload a bank statement,
Upload a statement,
Use a name that is different from previous project name,
User {0} is disabled,
Users and Permissions,
Valuation Rate required for Item {0} at row {1},
Values Out Of Sync,
Vehicle Type is required if Mode of Transport is Road,
Vendor Name,
Verify Email,
View,
View all issues from {0},
View call log,
Warehouse,
Warehouse not found against the account {0},
Welcome to {0},
Why do think this Item should be removed?,
Work Order {0}: Job Card not found for the operation {1},
Workday {0} has been repeated.,
XML Files Processed,
Year,
Yearly,
You are not allowed to enroll for this course,
You are not enrolled in program {0},
You can Feature upto 8 items.,
You can also copy-paste this link in your browser,
You can publish upto 200 items.,
You have to enable auto re-order in Stock Settings to maintain re-order levels.,
You must be a registered supplier to generate e-Way Bill,
You need to login as a Marketplace User before you can add any reviews.,
Your Featured Items,
Your Items,
Your Profile,
Your rating:,
and,
e-Way Bill already exists for this document,
woocommerce - {0},
{0} Coupon used are {1}. Allowed quantity is exhausted,
{0} Operations: {1},
{0} bank transaction(s) created,
{0} bank transaction(s) created and {1} errors,
{0} can not be greater than {1},
{0} conversations,
{0} is not a company bank account,
{0} is not a group node. Please select a group node as parent cost center,
{0} is not the default supplier for any items.,
{0} is required,
{0}: {1} must be less than {2},
{} is required to generate E-Way Bill JSON,
"Invalid lost reason {0},
Profit This Year,
Total Expense,
Total Expense This Year,
Total Income,
Total Income This Year,
Barcode,
Clear,
Comments,
DocType,
Download,
Left,
Link,
New,
Print,
Reference Name,
Refresh,
Success,
Time,
Value,
Actual,
Add to Cart,
Days Since Last Order,
In Stock,
Mode Of Payment,
No students Found,
Not in Stock,
Please select a Customer,
Received From,
Sales Person,
To date cannot be before From date,
Write Off,
{0} Created,
Email Id,
No,
Reference Doctype,
Yes,
Actual ,
Add to cart,
Budget,
Chart of Accounts,
Customer database.,
Days Since Last order,
Download as JSON,
End date can not be less than start date,
For Default Supplier (Optional),
From date cannot be greater than To date,
Group by,
In stock,
Item name,
Minimum Qty,
More details,
Nature of Supplies,
No Items found.,
No students found,
Not in stock,
Not permitted,
Open Issues ,
Open Projects ,
Open To Do ,
Operation Id,
Partially ordered,
Please select company first,
Please select patient,
Printed On ,
Projected qty,
Sales person,
Serial No {0} Created,
Source Location is required for the Asset {0},
Tax Id,
To Time,
To date cannot be before from date,
Total Taxable value,
Upcoming Calendar Events ,
Value or Qty,
Variance ,
Variant of,
Write off,
hours,
received from,
to,
Cards,
Percentage,
Failed to setup defaults for country {0}. Please contact support@erpnext.com,
Row #{0}: Item {1} is not a Serialized/Batched Item. It cannot have a Serial No/Batch No against it.,
Cancelled,
Please setup Instructor Naming System in Education > Education Settings,
Please set Naming Series for {0} via Setup > Settings > Naming Series,
UOM Conversion factor ({0} -> {1}) not found for item: {2},
Item Code > Item Group > Brand,
Customer > Customer Group > Territory,
Supplier > Supplier Type,
The value of {0} differs between Items {1} and {2},
Auto Fetch,
Fetch Serial Numbers based on FIFO,
"Outward taxable supplies(other than zero rated,
"To allow different rates,
Asset{} {assets_link} created for {},
Row {}: Asset Naming Series is mandatory for the auto creation for item {},
Assets not created for {0}. You will have to create asset manually.,
{0} {1} has accounting entries in currency {2} for company {3}. Please select a receivable or payable account with currency {2}.,
Invalid Account,
Purchase Order Required,
Purchase Receipt Required,
Account Missing,
Requested,
Partially Paid,
Invalid Account Currency,
"Row {0}: The item {1},
"Please set {0} for Batched Item {1},
Expiry Date Mandatory,
Variant Item,
BOM 1 {0} and BOM 2 {1} should not be same,
Note: Item {0} added multiple times,
YouTube,
Vimeo,
Publish Date,
Duration,
Advanced Settings,
Path,
Components,
Verified By,
Invalid naming series (. missing) for {0},
Filter Based On,
Reqd by date,
Manufacturer Part Number <b>{0}</b> is invalid,
Invalid Part Number,
Select atleast one Social Media from Share on.,
Invalid Scheduled Time,
Length Must be less than 280.,
Error while POSTING {0},
"Session not valid,
Session Active,
Session Not Active. Save doc to login.,
Error! Failed to get request token.,
Invalid {0} or {1},
Error! Failed to get access token.,
Invalid Consumer Key or Consumer Secret Key,
Your Session will be expire in ,
 days.,
Session is expired. Save doc to login.,
Error While Uploading Image,
You Didn't have permission to access this API,
Valid Upto date cannot be before Valid From date,
Valid From date not in Fiscal Year {0},
Valid Upto date not in Fiscal Year {0},
Group Roll No,
Maintain Same Rate Throughout Sales Cycle,
"Row {1}: Quantity ({0}) cannot be a fraction. To allow this,
Must be Whole Number,
Please setup Razorpay Plan ID,
Contact Creation Failed,
Leaves Expired,
Row #{}: {} of {} should be {}. Please modify the account or select a different account.,
Row #{}: Please asign task to a member.,
Process Failed,
Tally Migration Error,
Please set Warehouse in Woocommerce Settings,
Row {0}: Delivery Warehouse ({1}) and Customer Warehouse ({2}) can not be same,
Row {0}: Due Date in the Payment Terms table cannot be before Posting Date,
Cannot find {} for item {}. Please set the same in Item Master or Stock Settings.,
Row #{0}: The batch {1} has already expired.,
Start Year and End Year are mandatory,
GL Entry,
Cannot allocate more than {0} against payment term {1},
The root account {0} must be a group,
Shipping rule not applicable for country {0} in Shipping Address,
Get Payments from,
Set Shipping Address or Billing Address,
Consultation Setup,
Fee Validity,
Laboratory Setup,
Dosage Form,
Records and History,
Patient Medical Record,
Rehabilitation,
Exercise Type,
Exercise Difficulty Level,
Therapy Type,
Therapy Plan,
Therapy Session,
Motor Assessment Scale,
[Important] [ERPNext] Auto Reorder Errors,
Regards,
The following {0} were created: {1},
Work Orders,
The {0} {1} created sucessfully,
Work Order cannot be created for following reason: <br> {0},
Add items in the Item Locations table,
Update Current Stock,
"{0} Retain Sample is based on batch,
Empty,
Currently no stock available in any warehouse,
BOM Qty,
Time logs are required for {0} {1},
Total Completed Qty,
Qty to Manufacture,
Social Media Campaigns,
From Date can not be greater than To Date,
Please set a Customer linked to the Patient,
Customer Not Found,
Please Configure Clinical Procedure Consumable Item in ,
Missing Configuration,
Out Patient Consulting Charge Item,
Inpatient Visit Charge Item,
OP Consulting Charge,
Inpatient Visit Charge,
Appointment Status,
Test: ,
Collection Details: ,
{0} out of {1},
Select Therapy Type,
{0} sessions completed,
{0} session completed,
out of {0},
Therapy Sessions,
Add Exercise Step,
Edit Exercise Step,
Patient Appointments,
Item with Item Code {0} already exists,
Registration Fee cannot be negative or zero,
Configure a service Item for {0},
Temperature: ,
Pulse: ,
Respiratory Rate: ,
BP: ,
BMI: ,
Note: ,
Check Availability,
Please select Patient first,
Please select a Mode of Payment first,
Please set the Paid Amount first,
Not Therapies Prescribed,
There are no Therapies prescribed for Patient {0},
Appointment date and Healthcare Practitioner are Mandatory,
No Prescribed Procedures found for the selected Patient,
Please select a Patient first,
There are no procedure prescribed for ,
Prescribed Therapies,
Appointment overlaps with ,
{0} has appointment scheduled with {1} at {2} having {3} minute(s) duration.,
Appointments Overlapping,
Consulting Charges: {0},
Appointment Cancelled. Please review and cancel the invoice {0},
Appointment Cancelled.,
Fee Validity {0} updated.,
Practitioner Schedule Not Found,
{0} is on a Half day Leave on {1},
{0} is on Leave on {1},
{0} does not have a Healthcare Practitioner Schedule. Add it in Healthcare Practitioner,
Healthcare Service Units,
Complete and Consume,
Complete {0} and Consume Stock?,
Complete {0}?,
Stock quantity to start the Procedure is not available in the Warehouse {0}. Do you want to record a Stock Entry?,
{0} as on {1},
Clinical Procedure ({0}):,
Please set Customer in Patient {0},
Item {0} is not active,
Therapy Plan {0} created successfully.,
Symptoms: ,
No Symptoms,
Diagnosis: ,
No Diagnosis,
Drug(s) Prescribed.,
Test(s) Prescribed.,
Procedure(s) Prescribed.,
Counts Completed: {0},
Patient Assessment,
Assessments,
Heads (or groups) against which Accounting Entries are made and balances are maintained.,
Account Name,
Inter Company Account,
Parent Account,
Setting Account Type helps in selecting this Account in transactions.,
Chargeable,
Rate at which this tax is applied,
Frozen,
"If the account is frozen,
Balance must be,
Lft,
Rgt,
Old Parent,
Include in gross,
Auditor,
Accounting Dimension,
Dimension Name,
Dimension Defaults,
Accounting Dimension Detail,
Default Dimension,
Mandatory For Balance Sheet,
Mandatory For Profit and Loss Account,
Accounting Period,
Period Name,
Closed Documents,
Accounts Settings,
Settings for Accounts,
Make Accounting Entry For Every Stock Movement,
Users with this role are allowed to set frozen accounts and create / modify accounting entries against frozen accounts,
Determine Address Tax Category From,
Over Billing Allowance (%),
Credit Controller,
Check Supplier Invoice Number Uniqueness,
Make Payment via Journal Entry,
Unlink Payment on Cancellation of Invoice,
Book Asset Depreciation Entry Automatically,
Automatically Add Taxes and Charges from Item Tax Template,
Automatically Fetch Payment Terms,
Show Payment Schedule in Print,
Currency Exchange Settings,
Allow Stale Exchange Rates,
Stale Days,
Report Settings,
Use Custom Cash Flow Format,
Allowed To Transact With,
SWIFT number,
Branch Code,
Address and Contact,
Address HTML,
Contact HTML,
Data Import Configuration,
Bank Transaction Mapping,
Plaid Access Token,
Company Account,
Account Subtype,
Is Default Account,
Is Company Account,
Party Details,
Account Details,
IBAN,
Bank Account No,
Integration Details,
Integration ID,
Last Integration Date,
Change this date manually to setup the next synchronization start date,
Mask,
Bank Account Subtype,
Bank Account Type,
Bank Guarantee,
Bank Guarantee Type,
Receiving,
Providing,
Reference Document Name,
Validity in Days,
Bank Account Info,
Clauses and Conditions,
Other Details,
Bank Guarantee Number,
Name of Beneficiary,
Margin Money,
Charges Incurred,
Fixed Deposit Number,
Account Currency,
Select the Bank Account to reconcile.,
Include Reconciled Entries,
Get Payment Entries,
Payment Entries,
Update Clearance Date,
Bank Reconciliation Detail,
Cheque Number,
Cheque Date,
Statement Header Mapping,
Statement Headers,
Transaction Data Mapping,
Mapped Items,
Bank Statement Settings Item,
Mapped Header,
Bank Header,
Bank Statement Transaction Entry,
Bank Transaction Entries,
New Transactions,
Match Transaction to Invoices,
Create New Payment/Journal Entry,
Submit/Reconcile Payments,
Matching Invoices,
Payment Invoice Items,
Reconciled Transactions,
Bank Statement Transaction Invoice Item,
Payment Description,
Invoice Date,
invoice,
Bank Statement Transaction Payment Item,
outstanding_amount,
Payment Reference,
Bank Statement Transaction Settings Item,
Bank Data,
Mapped Data Type,
Mapped Data,
Bank Transaction,
ACC-BTN-.YYYY.-,
Transaction ID,
Unallocated Amount,
Field in Bank Transaction,
Column in Bank File,
Bank Transaction Payments,
Control Action,
Applicable on Material Request,
Action if Annual Budget Exceeded on MR,
Warn,
Ignore,
Action if Accumulated Monthly Budget Exceeded on MR,
Applicable on Purchase Order,
Action if Annual Budget Exceeded on PO,
Action if Accumulated Monthly Budget Exceeded on PO,
Applicable on booking actual expenses,
Action if Annual Budget Exceeded on Actual,
Action if Accumulated Monthly Budget Exceeded on Actual,
Budget Accounts,
Budget Account,
Budget Amount,
C-Form,
ACC-CF-.YYYY.-,
C-Form No,
Received Date,
Quarter,
I,
II,
III,
IV,
C-Form Invoice Detail,
Invoice No,
Cash Flow Mapper,
Section Name,
Section Header,
Section Leader,
e.g Adjustments for:,
Section Subtotal,
Section Footer,
Cash Flow Mapping,
Select Maximum Of 1,
Is Finance Cost,
Is Working Capital,
Is Finance Cost Adjustment,
Is Income Tax Liability,
Is Income Tax Expense,
Cash Flow Mapping Accounts,
account,
Cash Flow Mapping Template,
Cash Flow Mapping Template Details,
POS-CLO-,
Custody,
Net Amount,
Cashier Closing Payments,
Chart of Accounts Importer,
Import Chart of Accounts from a csv file,
Attach custom Chart of Accounts file,
Chart Preview,
Chart Tree,
Cheque Print Template,
Has Print Format,
Primary Settings,
Cheque Size,
Regular,
Starting position from top edge,
Cheque Width,
Cheque Height,
Scanned Cheque,
Is Account Payable,
Distance from top edge,
Distance from left edge,
Message to show,
Date Settings,
Starting location from left edge,
Payer Settings,
Width of amount in word,
Line spacing for amount in words,
Amount In Figure,
Signatory Position,
Closed Document,
Track separate Income and Expense for product verticals or divisions.,
Cost Center Name,
Parent Cost Center,
lft,
rgt,
Coupon Code,
Coupon Name,
"e.g. ""Summer Holiday 2019 Offer 20""",
Coupon Type,
Promotional,
Gift Card,
unique e.g. SAVE20  To be used to get discount,
Validity and Usage,
Valid From,
Valid Upto,
Maximum Use,
Used,
Coupon Description,
Discounted Invoice,
Debit to,
Exchange Rate Revaluation,
Get Entries,
Exchange Rate Revaluation Account,
Total Gain/Loss,
Balance In Account Currency,
Current Exchange Rate,
Balance In Base Currency,
New Exchange Rate,
New Balance In Base Currency,
Gain/Loss,
**Fiscal Year** represents a Financial Year. All accounting entries and other major transactions are tracked against **Fiscal Year**.,
Year Name,
"For e.g. 2012,
Year Start Date,
Year End Date,
Companies,
Auto Created,
Stock User,
Fiscal Year Company,
Debit Amount,
Credit Amount,
Debit Amount in Account Currency,
Credit Amount in Account Currency,
Voucher Detail No,
Is Opening,
Is Advance,
To Rename,
GST Account,
CGST Account,
SGST Account,
IGST Account,
CESS Account,
Loan Start Date,
Loan Period (Days),
Loan End Date,
Bank Charges,
Short Term Loan Account,
Bank Charges Account,
Accounts Receivable Credit Account,
Accounts Receivable Discounted Account,
Accounts Receivable Unpaid Account,
Item Tax Template,
Tax Rates,
Item Tax Template Detail,
Entry Type,
Inter Company Journal Entry,
Bank Entry,
Cash Entry,
Credit Card Entry,
Contra Entry,
Excise Entry,
Write Off Entry,
Opening Entry,
ACC-JV-.YYYY.-,
Accounting Entries,
Total Debit,
Total Credit,
Difference (Dr - Cr),
Make Difference Entry,
Total Amount Currency,
Total Amount in Words,
Remark,
Paid Loan,
Inter Company Journal Entry Reference,
Write Off Based On,
Get Outstanding Invoices,
Write Off Amount,
Printing Settings,
Pay To / Recd From,
Payment Order,
Subscription Section,
Journal Entry Account,
Account Balance,
Party Balance,
Accounting Dimensions,
If Income or Expense,
Exchange Rate,
Debit in Company Currency,
Credit in Company Currency,
Payroll Entry,
Employee Advance,
Reference Due Date,
Loyalty Program Tier,
Redeem Against,
Expiry Date,
Loyalty Point Entry Redemption,
Redemption Date,
Redeemed Points,
Loyalty Program Name,
Loyalty Program Type,
Single Tier Program,
Multiple Tier Program,
Customer Territory,
Auto Opt In (For all customers),
Collection Tier,
Collection Rules,
Redemption,
Conversion Factor,
1 Loyalty Points = How much base currency?,
Expiry Duration (in days),
Help Section,
Loyalty Program Help,
Loyalty Program Collection,
Tier Name,
Minimum Total Spent,
Collection Factor (=1 LP),
For how much spent = 1 Loyalty Point,
Mode of Payment Account,
Default Account,
Default account will be automatically updated in POS Invoice when this mode is selected.,
**Monthly Distribution** helps you distribute the Budget/Target across months if you have seasonality in your business.,
Distribution Name,
Name of the Monthly Distribution,
Monthly Distribution Percentages,
Monthly Distribution Percentage,
Percentage Allocation,
Create Missing Party,
Create missing customer or supplier.,
Opening Invoice Creation Tool Item,
Temporary Opening Account,
Party Account,
Type of Payment,
ACC-PAY-.YYYY.-,
Receive,
Internal Transfer,
Payment Order Status,
Payment Ordered,
Payment From / To,
Company Bank Account,
Party Bank Account,
Account Paid From,
Account Paid To,
Paid Amount (Company Currency),
Received Amount,
Received Amount (Company Currency),
Get Outstanding Invoice,
Payment References,
Writeoff,
Total Allocated Amount,
Total Allocated Amount (Company Currency),
Set Exchange Gain / Loss,
Difference Amount (Company Currency),
Write Off Difference Amount,
Deductions or Loss,
Payment Deductions or Loss,
Cheque/Reference Date,
Payment Entry Deduction,
Payment Entry Reference,
Allocated,
Payment Gateway Account,
Payment Account,
Default Payment Request Message,
PMO-,
Payment Order Type,
Payment Order Reference,
Bank Account Details,
Payment Reconciliation,
Receivable / Payable Account,
Bank / Cash Account,
From Invoice Date,
To Invoice Date,
Minimum Invoice Amount,
Maximum Invoice Amount,
System will fetch all the entries if limit value is zero.,
Get Unreconciled Entries,
Unreconciled Payment Details,
Invoice/Journal Entry Details,
Payment Reconciliation Invoice,
Invoice Number,
Payment Reconciliation Payment,
Reference Row,
Allocated amount,
Payment Request Type,
Outward,
Inward,
ACC-PRQ-.YYYY.-,
Transaction Details,
Amount in customer's currency,
Is a Subscription,
Transaction Currency,
Subscription Plans,
SWIFT Number,
Recipient Message And Payment Details,
Make Sales Invoice,
Mute Email,
payment_url,
Payment Gateway Details,
Payment Schedule,
Invoice Portion,
Payment Amount,
Payment Term Name,
Due Date Based On,
Day(s) after invoice date,
Day(s) after the end of the invoice month,
Month(s) after the end of the invoice month,
Credit Days,
Credit Months,
Allocate Payment Based On Payment Terms,
"If this checkbox is checked,
Payment Terms Template Detail,
Closing Fiscal Year,
Closing Account Head,
"The account head under Liability or Equity,
POS Customer Group,
POS Field,
POS Item Group,
Company Address,
Update Stock,
Ignore Pricing Rule,
Applicable for Users,
Sales Invoice Payment,
Item Groups,
Only show Items from these Item Groups,
Customer Groups,
Only show Customer of these Customer Groups,
Write Off Account,
Write Off Cost Center,
Account for Change Amount,
Taxes and Charges,
Apply Discount On,
POS Profile User,
Apply On,
Price or Product Discount,
Apply Rule On Item Code,
Apply Rule On Item Group,
Apply Rule On Brand,
Mixed Conditions,
Conditions will be applied on all the selected items combined. ,
Is Cumulative,
Coupon Code Based,
Discount on Other Item,
Apply Rule On Other,
Party Information,
Quantity and Amount,
Min Qty,
Max Qty,
Min Amt,
Max Amt,
Period Settings,
Margin,
Margin Type,
Margin Rate or Amount,
Price Discount Scheme,
Rate or Discount,
Discount Percentage,
Discount Amount,
For Price List,
Product Discount Scheme,
Same Item,
Free Item,
Threshold for Suggestion,
System will notify to increase or decrease quantity or amount ,
"Higher the number,
Apply Multiple Pricing Rules,
Apply Discount on Rate,
Validate Applied Rule,
Rule Description,
Pricing Rule Help,
Promotional Scheme Id,
Promotional Scheme,
Pricing Rule Brand,
Pricing Rule Detail,
Child Docname,
Rule Applied,
Pricing Rule Item Code,
Pricing Rule Item Group,
Price Discount Slabs,
Promotional Scheme Price Discount,
Product Discount Slabs,
Promotional Scheme Product Discount,
Min Amount,
Max Amount,
Discount Type,
ACC-PINV-.YYYY.-,
Tax Withholding Category,
Edit Posting Date and Time,
Is Paid,
Is Return (Debit Note),
Apply Tax Withholding Amount,
Accounting Dimensions ,
Supplier Invoice Details,
Supplier Invoice Date,
Return Against Purchase Invoice,
Select Supplier Address,
Contact Person,
Select Shipping Address,
Currency and Price List,
Price List Currency,
Price List Exchange Rate,
Set Accepted Warehouse,
Rejected Warehouse,
Warehouse where you are maintaining stock of rejected items,
Raw Materials Supplied,
Supplier Warehouse,
Pricing Rules,
Supplied Items,
Total (Company Currency),
Net Total (Company Currency),
Total Net Weight,
Shipping Rule,
Purchase Taxes and Charges Template,
Purchase Taxes and Charges,
Tax Breakup,
Taxes and Charges Calculation,
Taxes and Charges Added (Company Currency),
Taxes and Charges Deducted (Company Currency),
Total Taxes and Charges (Company Currency),
Taxes and Charges Added,
Taxes and Charges Deducted,
Total Taxes and Charges,
Additional Discount,
Apply Additional Discount On,
Additional Discount Amount (Company Currency),
Additional Discount Percentage,
Additional Discount Amount,
Grand Total (Company Currency),
Rounding Adjustment (Company Currency),
Rounded Total (Company Currency),
In Words (Company Currency),
Rounding Adjustment,
In Words,
Total Advance,
Disable Rounded Total,
Cash/Bank Account,
Write Off Amount (Company Currency),
Set Advances and Allocate (FIFO),
Get Advances Paid,
Advances,
Terms,
Terms and Conditions1,
Group same items,
Print Language,
"Once set,
Credit To,
Party Account Currency,
Against Expense Account,
Inter Company Invoice Reference,
Is Internal Supplier,
Start date of current invoice's period,
End date of current invoice's period,
Update Auto Repeat Reference,
Purchase Invoice Advance,
Purchase Invoice Item,
Quantity and Rate,
Received Qty,
Accepted Qty,
Rejected Qty,
UOM Conversion Factor,
Discount on Price List Rate (%),
Price List Rate (Company Currency),
Rate ,
Rate (Company Currency),
Amount (Company Currency),
Is Free Item,
Net Rate,
Net Rate (Company Currency),
Net Amount (Company Currency),
Item Tax Amount Included in Value,
Landed Cost Voucher Amount,
Raw Materials Supplied Cost,
Accepted Warehouse,
Serial No,
Rejected Serial No,
Expense Head,
Is Fixed Asset,
Asset Location,
Deferred Expense,
Deferred Expense Account,
Service Stop Date,
Enable Deferred Expense,
Service Start Date,
Service End Date,
Allow Zero Valuation Rate,
Item Tax Rate,
Tax detail table fetched from item master as a string and stored in this field.\nUsed for Taxes and Charges,
Purchase Order Item,
Purchase Receipt Detail,
Item Weight Details,
Weight Per Unit,
Total Weight,
Weight UOM,
Page Break,
Consider Tax or Charge for,
Valuation and Total,
Valuation,
Add or Deduct,
Deduct,
On Previous Row Amount,
On Previous Row Total,
On Item Quantity,
Reference Row #,
Is this Tax included in Basic Rate?,
"If checked,
Account Head,
Tax Amount After Discount Amount,
Item Wise Tax Detail ,
"Standard tax template that can be applied to all Purchase Transactions. This template can contain list of tax heads and also other expense heads like ""Shipping"",
ACC-SINV-.YYYY.-,
Include Payment (POS),
Offline POS Name,
Is Return (Credit Note),
Return Against Sales Invoice,
Update Billed Amount in Sales Order,
Customer PO Details,
Customer's Purchase Order,
Customer's Purchase Order Date,
Customer Address,
Shipping Address Name,
Company Address Name,
Rate at which Customer Currency is converted to customer's base currency,
Rate at which Price list currency is converted to customer's base currency,
Set Source Warehouse,
Packing List,
Packed Items,
Product Bundle Help,
Time Sheet List,
Time Sheets,
Total Billing Amount,
Sales Taxes and Charges Template,
Sales Taxes and Charges,
Loyalty Points Redemption,
Redeem Loyalty Points,
Redemption Account,
Redemption Cost Center,
In Words will be visible once you save the Sales Invoice.,
Allocate Advances Automatically (FIFO),
Get Advances Received,
Base Change Amount (Company Currency),
Write Off Outstanding Amount,
Terms and Conditions Details,
Is Internal Customer,
Is Discounted,
Unpaid and Discounted,
Overdue and Discounted,
Accounting Details,
Debit To,
Is Opening Entry,
C-Form Applicable,
Commission Rate (%),
Sales Team1,
Against Income Account,
Sales Invoice Advance,
Advance amount,
Sales Invoice Item,
Customer's Item Code,
Brand Name,
Qty as per Stock UOM,
Discount and Margin,
Rate With Margin,
Discount (%) on Price List Rate with Margin,
Rate With Margin (Company Currency),
Delivered By Supplier,
Deferred Revenue,
Deferred Revenue Account,
Enable Deferred Revenue,
Stock Details,
Customer Warehouse (Optional),
Available Batch Qty at Warehouse,
Available Qty at Warehouse,
Delivery Note Item,
Base Amount (Company Currency),
Sales Invoice Timesheet,
Time Sheet,
Billing Hours,
Timesheet Detail,
Tax Amount After Discount Amount (Company Currency),
Item Wise Tax Detail,
Parenttype,
"Standard tax template that can be applied to all Sales Transactions. This template can contain list of tax heads and also other expense / income heads like ""Shipping"",
* Will be calculated in the transaction.,
From No,
To No,
Is Company,
Current State,
Purchased,
From Shareholder,
From Folio No,
To Shareholder,
To Folio No,
Equity/Liability Account,
Asset Account,
(including),
ACC-SH-.YYYY.-,
Folio no.,
Address and Contacts,
Contact List,
Hidden list maintaining the list of contacts linked to Shareholder,
Specify conditions to calculate shipping amount,
Shipping Rule Label,
example: Next Day Shipping,
Shipping Rule Type,
Shipping Account,
Calculate Based On,
Fixed,
Net Weight,
Shipping Amount,
Shipping Rule Conditions,
Restrict to Countries,
Valid for Countries,
Shipping Rule Condition,
A condition for a Shipping Rule,
From Value,
To Value,
Shipping Rule Country,
Subscription Period,
Subscription Start Date,
Cancelation Date,
Trial Period Start Date,
Trial Period End Date,
Current Invoice Start Date,
Current Invoice End Date,
Days Until Due,
Number of days that the subscriber has to pay invoices generated by this subscription,
Cancel At End Of Period,
Generate Invoice At Beginning Of Period,
Plans,
Discounts,
Additional DIscount Percentage,
Additional DIscount Amount,
Subscription Invoice,
Subscription Plan,
Cost,
Billing Interval,
Billing Interval Count,
"Number of intervals for the interval field e.g if Interval is 'Days' and Billing Interval Count is 3,
Payment Plan,
Subscription Plan Detail,
Plan,
Subscription Settings,
Grace Period,
Number of days after invoice date has elapsed before canceling subscription or marking subscription as unpaid,
Prorate,
Tax Rule,
Tax Type,
Use for Shopping Cart,
Billing City,
Billing County,
Billing State,
Billing Zipcode,
Billing Country,
Shipping City,
Shipping County,
Shipping State,
Shipping Zipcode,
Shipping Country,
Tax Withholding Account,
Tax Withholding Rates,
Rates,
Tax Withholding Rate,
Single Transaction Threshold,
Cumulative Transaction Threshold,
Agriculture Analysis Criteria,
Linked Doctype,
Water Analysis,
Soil Analysis,
Plant Analysis,
Fertilizer,
Soil Texture,
Weather,
Agriculture Manager,
Agriculture User,
Agriculture Task,
Task Name,
Start Day,
End Day,
Holiday Management,
Ignore holidays,
Previous Business Day,
Next Business Day,
Urgent,
Crop Name,
Scientific Name,
"You can define all the tasks which need to carried out for this crop here. The day field is used to mention the day on which the task needs to be carried out,
Crop Spacing,
Crop Spacing UOM,
Row Spacing,
Row Spacing UOM,
Perennial,
Biennial,
Planting UOM,
Planting Area,
Yield UOM,
Materials Required,
Produced Items,
Produce,
Byproducts,
Linked Location,
A link to all the Locations in which the Crop is growing,
This will be day 1 of the crop cycle,
ISO 8601 standard,
Cycle Type,
Less than a year,
The minimum length between each plant in the field for optimum growth,
The minimum distance between rows of plants for optimum growth,
Detected Diseases,
List of diseases detected on the field. When selected it'll automatically add a list of tasks to deal with the disease ,
Detected Disease,
LInked Analysis,
Disease,
Tasks Created,
Common Name,
Treatment Task,
Treatment Period,
Fertilizer Name,
Density (if liquid),
Fertilizer Contents,
Fertilizer Content,
Linked Plant Analysis,
Linked Soil Analysis,
Linked Soil Texture,
Collection Datetime,
Laboratory Testing Datetime,
Result Datetime,
Plant Analysis Criterias,
Plant Analysis Criteria,
Minimum Permissible Value,
Maximum Permissible Value,
Ca/K,
Ca/Mg,
Mg/K,
(Ca+Mg)/K,
Ca/(K+Ca+Mg),
Soil Analysis Criterias,
Soil Analysis Criteria,
Soil Type,
Loamy Sand,
Sandy Loam,
Loam,
Silt Loam,
Sandy Clay Loam,
Clay Loam,
Silty Clay Loam,
Sandy Clay,
Silty Clay,
Clay Composition (%),
Sand Composition (%),
Silt Composition (%),
Ternary Plot,
Soil Texture Criteria,
Type of Sample,
Container,
Origin,
Collection Temperature ,
Storage Temperature,
Appearance,
Person Responsible,
Water Analysis Criteria,
Weather Parameter,
ACC-ASS-.YYYY.-,
Asset Owner,
Asset Owner Company,
Custodian,
Disposal Date,
Journal Entry for Scrap,
Available-for-use Date,
Calculate Depreciation,
Allow Monthly Depreciation,
Number of Depreciations Booked,
Finance Books,
Straight Line,
Double Declining Balance,
Manual,
Value After Depreciation,
Total Number of Depreciations,
Frequency of Depreciation (Months),
Next Depreciation Date,
Depreciation Schedule,
Depreciation Schedules,
Insurance details,
Policy number,
Insurer,
Insured value,
Insurance Start Date,
Insurance End Date,
Comprehensive Insurance,
Maintenance Required,
Check if Asset requires Preventive Maintenance or Calibration,
Booked Fixed Asset,
Purchase Receipt Amount,
Default Finance Book,
Quality Manager,
Asset Category Name,
Depreciation Options,
Enable Capital Work in Progress Accounting,
Finance Book Detail,
Asset Category Account,
Fixed Asset Account,
Accumulated Depreciation Account,
Depreciation Expense Account,
Capital Work In Progress Account,
Asset Finance Book,
Written Down Value,
Expected Value After Useful Life,
Rate of Depreciation,
In Percentage,
Maintenance Team,
Maintenance Manager Name,
Maintenance Tasks,
Manufacturing User,
Asset Maintenance Log,
ACC-AML-.YYYY.-,
Maintenance Type,
Maintenance Status,
Planned,
Has Certificate ,
Certificate,
Actions performed,
Asset Maintenance Task,
Maintenance Task,
Preventive Maintenance,
Calibration,
2 Yearly,
Certificate Required,
Assign to Name,
Next Due Date,
Last Completion Date,
Asset Maintenance Team,
Maintenance Team Name,
Maintenance Team Members,
Purpose,
Stock Manager,
Asset Movement Item,
Source Location,
From Employee,
Target Location,
To Employee,
Asset Repair,
ACC-ASR-.YYYY.-,
Failure Date,
Assign To Name,
Repair Status,
Error Description,
Downtime,
Repair Cost,
Manufacturing Manager,
Current Asset Value,
New Asset Value,
Make Depreciation Entry,
Finance Book Id,
Location Name,
Parent Location,
Is Container,
Check if it is a hydroponic unit,
Location Details,
Latitude,
Longitude,
Area,
Area UOM,
Tree Details,
Maintenance Team Member,
Team Member,
Maintenance Role,
Buying Settings,
Settings for Buying Module,
Supplier Naming By,
Default Supplier Group,
Default Buying Price List,
Backflush Raw Materials of Subcontract Based On,
Material Transferred for Subcontract,
Over Transfer Allowance (%),
Percentage you are allowed to transfer more against the quantity ordered. For example: If you have ordered 100 units. and your Allowance is 10% then you are allowed to transfer 110 units.,
PUR-ORD-.YYYY.-,
Get Items from Open Material Requests,
Fetch items based on Default Supplier.,
Required By,
Order Confirmation No,
Order Confirmation Date,
Customer Mobile No,
Customer Contact Email,
Set Target Warehouse,
Sets 'Warehouse' in each row of the Items table.,
Supply Raw Materials,
Purchase Order Pricing Rule,
Set Reserve Warehouse,
In Words will be visible once you save the Purchase Order.,
Advance Paid,
Tracking,
% Billed,
% Received,
Ref SQ,
Inter Company Order Reference,
Supplier Part Number,
Billed Amt,
Warehouse and Reference,
To be delivered to customer,
Material Request Item,
Supplier Quotation Item,
Against Blanket Order,
Blanket Order,
Blanket Order Rate,
Returned Qty,
Purchase Order Item Supplied,
BOM Detail No,
Stock Uom,
Raw Material Item Code,
Supplied Qty,
Purchase Receipt Item Supplied,
Current Stock,
PUR-RFQ-.YYYY.-,
For individual supplier,
Link to Material Requests,
Message for Supplier,
Request for Quotation Item,
Required Date,
Request for Quotation Supplier,
Send Email,
Quote Status,
Download PDF,
Supplier of Goods or Services.,
Name and Type,
SUP-.YYYY.-,
Default Bank Account,
Is Transporter,
Represents Company,
Supplier Type,
Allow Purchase Invoice Creation Without Purchase Order,
Allow Purchase Invoice Creation Without Purchase Receipt,
Warn RFQs,
Warn POs,
Prevent RFQs,
Prevent POs,
Billing Currency,
Default Payment Terms Template,
Block Supplier,
Hold Type,
Leave blank if the Supplier is blocked indefinitely,
Default Payable Accounts,
Mention if non-standard payable account,
Default Tax Withholding Config,
Supplier Details,
Statutory info and other general information about your Supplier,
PUR-SQTN-.YYYY.-,
Supplier Address,
Link to material requests,
Rounding Adjustment (Company Currency,
Auto Repeat Section,
Is Subcontracted,
Lead Time in days,
Supplier Score,
Indicator Color,
Evaluation Period,
Per Week,
Per Month,
Per Year,
Scoring Setup,
Weighting Function,
"Scorecard variables can be used,
Scoring Standings,
Criteria Setup,
Load All Criteria,
Scoring Criteria,
Scorecard Actions,
Warn for new Request for Quotations,
Warn for new Purchase Orders,
Notify Supplier,
Notify Employee,
Supplier Scorecard Criteria,
Criteria Name,
Max Score,
Criteria Formula,
Criteria Weight,
Supplier Scorecard Period,
PU-SSP-.YYYY.-,
Period Score,
Calculations,
Criteria,
Variables,
Supplier Scorecard Setup,
Supplier Scorecard Scoring Criteria,
Score,
Supplier Scorecard Scoring Standing,
Standing Name,
Purple,
Yellow,
Orange,
Min Grade,
Max Grade,
Warn Purchase Orders,
Prevent Purchase Orders,
Employee ,
Supplier Scorecard Scoring Variable,
Variable Name,
Parameter Name,
Supplier Scorecard Standing,
Notify Other,
Supplier Scorecard Variable,
Call Log,
Received By,
Caller Information,
Contact Name,
Lead ,
Lead Name,
Ringing,
Missed,
Call Duration in seconds,
Recording URL,
Communication Medium,
Communication Medium Type,
Voice,
Catch All,
"If there is no assigned timeslot,
Timeslots,
Communication Medium Timeslot,
Employee Group,
Appointment,
Scheduled Time,
Unverified,
Customer Details,
Phone Number,
Skype ID,
Linked Documents,
Appointment With,
Calendar Event,
Appointment Booking Settings,
Enable Appointment Scheduling,
Agent Details,
Availability Of Slots,
Number of Concurrent Appointments,
Agents,
Appointment Details,
Appointment Duration (In Minutes),
Notify Via Email,
Notify customer and agent via email on the day of the appointment.,
Number of days appointments can be booked in advance,
Success Settings,
Success Redirect URL,
"Leave blank for home.\nThis is relative to site URL,
Appointment Booking Slots,
Day Of Week,
From Time ,
Campaign Email Schedule,
Send After (days),
Signed,
Party User,
Unsigned,
Fulfilment Status,
N/A,
Unfulfilled,
Partially Fulfilled,
Fulfilled,
Lapsed,
Contract Period,
Signee Details,
Signee,
Signed On,
Contract Details,
Contract Template,
Contract Terms,
Fulfilment Details,
Requires Fulfilment,
Fulfilment Deadline,
Fulfilment Terms,
Contract Fulfilment Checklist,
Requirement,
Contract Terms and Conditions,
Fulfilment Terms and Conditions,
Contract Template Fulfilment Terms,
Email Campaign,
Email Campaign For ,
Lead is an Organization,
CRM-LEAD-.YYYY.-,
Person Name,
Lost Quotation,
Interested,
Converted,
Do Not Contact,
From Customer,
Campaign Name,
Follow Up,
Next Contact By,
Next Contact Date,
Ends On,
Address & Contact,
Mobile No.,
Lead Type,
Channel Partner,
Consultant,
Market Segment,
Industry,
Request Type,
Product Enquiry,
Request for Information,
Suggestions,
Blog Subscriber,
LinkedIn Settings,
Company ID,
OAuth Credentials,
Consumer Key,
Consumer Secret,
User Details,
Person URN,
Session Status,
Lost Reason Detail,
Opportunity Lost Reason,
Potential Sales Deal,
CRM-OPP-.YYYY.-,
Opportunity From,
Customer / Lead Name,
Opportunity Type,
Converted By,
Sales Stage,
Lost Reason,
Expected Closing Date,
To Discuss,
With Items,
Probability (%),
Contact Info,
Customer / Lead Address,
Contact Mobile No,
Enter name of campaign if source of enquiry is campaign,
Opportunity Date,
Opportunity Item,
Basic Rate,
Stage Name,
Social Media Post,
Post Status,
Posted,
Share On,
Twitter,
LinkedIn,
Twitter Post Id,
LinkedIn Post Id,
Tweet,
Twitter Settings,
API Secret Key,
Term Name,
Term Start Date,
Term End Date,
Academics User,
Academic Year Name,
Article,
LMS User,
Assessment Criteria Group,
Assessment Group Name,
Parent Assessment Group,
Assessment Name,
Grading Scale,
Examiner,
Examiner Name,
Supervisor,
Supervisor Name,
Evaluate,
Maximum Assessment Score,
Assessment Plan Criteria,
Maximum Score,
Grade,
Assessment Result Detail,
Assessment Result Tool,
Result HTML,
Content Activity,
Last Activity ,
Content Question,
Question Link,
Course Name,
Topics,
Hero Image,
Default Grading Scale,
Education Manager,
Course Activity,
Course Enrollment,
Activity Date,
Course Assessment Criteria,
Weightage,
Course Content,
Quiz,
Program Enrollment,
Enrollment Date,
Instructor Name,
EDU-CSH-.YYYY.-,
Course Scheduling Tool,
Course Start Date,
To TIme,
Course End Date,
Course Topic,
Topic Name,
Education Settings,
Current Academic Year,
Current Academic Term,
Attendance Freeze Date,
Validate Batch for Students in Student Group,
"For Batch based Student Group,
Validate Enrolled Course for Students in Student Group,
"For Course based Student Group,
Make Academic Term Mandatory,
"If enabled,
Skip User creation for new Student,
"By default,
Instructor Records to be created by,
Employee Number,
Fee Category,
Fee Component,
Fees Category,
Fee Schedule,
Fee Structure,
EDU-FSH-.YYYY.-,
Fee Creation Status,
In Process,
Send Payment Request Email,
Student Category,
Fee Breakup for each student,
Total Amount per Student,
Institution,
Fee Schedule Program,
Student Batch,
Total Students,
Fee Schedule Student Group,
EDU-FST-.YYYY.-,
EDU-FEE-.YYYY.-,
Include Payment,
Send Payment Request,
Student Details,
Student Email,
Grading Scale Name,
Grading Scale Intervals,
Intervals,
Grading Scale Interval,
Grade Code,
Threshold,
Grade Description,
Guardian,
Guardian Name,
Alternate Number,
Occupation,
Work Address,
Guardian Of ,
Students,
Guardian Interests,
Guardian Interest,
Interest,
Guardian Student,
EDU-INS-.YYYY.-,
Instructor Log,
Other details,
Option,
Is Correct,
Program Name,
Program Abbreviation,
Courses,
Is Published,
Allow Self Enroll,
Is Featured,
Intro Video,
Program Course,
School House,
Boarding Student,
Check this if the Student is residing at the Institute's Hostel.,
Walking,
Institute's Bus,
Self-Driving Vehicle,
Pick/Drop by Guardian,
Enrolled courses,
Program Enrollment Course,
Program Enrollment Fee,
Program Enrollment Tool,
Get Students From,
Student Applicant,
Get Students,
Enrollment Details,
New Program,
New Student Batch,
Enroll Students,
New Academic Year,
New Academic Term,
Program Enrollment Tool Student,
Student Batch Name,
Program Fee,
Question,
Single Correct Answer,
Multiple Correct Answer,
Quiz Configuration,
Passing Score,
Score out of 100,
Max Attempts,
Enter 0 to waive limit,
Grading Basis,
Latest Highest Score,
Latest Attempt,
Quiz Activity,
Enrollment,
Pass,
Quiz Question,
Quiz Result,
Selected Option,
Correct,
Wrong,
Room Name,
Room Number,
Seating Capacity,
House Name,
EDU-STU-.YYYY.-,
Student Mobile Number,
Blood Group,
A+,
A-,
B+,
B-,
O+,
O-,
AB+,
AB-,
Nationality,
Home Address,
Guardian Details,
Guardians,
Sibling Details,
Siblings,
Exit,
Date of Leaving,
Leaving Certificate Number,
Reason For Leaving,
Student Admission,
Admission Start Date,
Admission End Date,
Eligibility and Details,
Student Admission Program,
Minimum Age,
Maximum Age,
Application Fee,
Naming Series (for Student Applicant),
LMS Only,
EDU-APP-.YYYY.-,
Application Date,
Student Attendance Tool,
Group Based On,
Students HTML,
Group Based on,
Student Group Name,
Max Strength,
Set 0 for no limit,
Instructors,
Student Group Creation Tool,
Leave blank if you make students groups per year,
Get Courses,
Separate course based Group for every Batch,
Leave unchecked if you don't want to consider batch while making course based groups. ,
Student Group Creation Tool Course,
Course Code,
Student Group Instructor,
Student Group Student,
Group Roll Number,
Student Guardian,
Relation,
Mother,
Father,
Student Language,
Student Leave Application,
Mark as Present,
Student Log,
Academic,
Achievement,
Student Report Generation Tool,
Include All Assessment Group,
Show Marks,
Add letterhead,
Print Section,
Total Parents Teacher Meeting,
Attended by Parents,
Assessment Terms,
Student Sibling,
Studying in Same Institute,
NO,
YES,
Student Siblings,
Topic Content,
Amazon MWS Settings,
ERPNext Integrations,
Enable Amazon,
MWS Credentials,
Seller ID,
AWS Access Key ID,
MWS Auth Token,
Market Place ID,
AE,
AU,
BR,
CA,
CN,
DE,
ES,
FR,
JP,
IT,
MX,
UK,
US,
Customer Type,
Market Place Account Group,
After Date,
Amazon will synch data updated after this date,
Sync Taxes and Charges,
Get financial breakup of Taxes and charges data by Amazon ,
Sync Products,
Always sync your products from Amazon MWS before synching the Orders details,
Sync Orders,
Click this button to pull your Sales Order data from Amazon MWS.,
Enable Scheduled Sync,
Check this to enable a scheduled Daily synchronization routine via scheduler,
Max Retry Limit,
Exotel Settings,
Account SID,
API Token,
GoCardless Mandate,
Mandate,
GoCardless Customer,
GoCardless Settings,
Webhooks Secret,
Plaid Settings,
Synchronize all accounts every hour,
Plaid Client ID,
Plaid Secret,
Plaid Environment,
sandbox,
development,
production,
QuickBooks Migrator,
Application Settings,
Token Endpoint,
Scope,
Authorization Settings,
Authorization Endpoint,
Authorization URL,
Quickbooks Company ID,
Company Settings,
Default Shipping Account,
Default Warehouse,
Default Cost Center,
Undeposited Funds Account,
Shopify Log,
Shopify Settings,
status html,
Enable Shopify,
App Type,
Last Sync Datetime,
Shop URL,
eg: frappe.myshopify.com,
Shared secret,
Webhooks Details,
Webhooks,
Customer Settings,
Default Customer,
Customer Group will set to selected group while syncing customers from Shopify,
For Company,
Cash Account will used for Sales Invoice creation,
Update Price from Shopify To ERPNext Price List,
Default Warehouse to to create Sales Order and Delivery Note,
Sales Order Series,
Import Delivery Notes from Shopify on Shipment,
Delivery Note Series,
Import Sales Invoice from Shopify if Payment is marked,
Sales Invoice Series,
Shopify Tax Account,
Shopify Tax/Shipping Title,
ERPNext Account,
Shopify Webhook Detail,
Webhook ID,
Tally Migration,
Master Data,
"Data exported from Tally that consists of the Chart of Accounts,
Is Master Data Processed,
Is Master Data Imported,
Tally Creditors Account,
Creditors Account set in Tally,
Tally Debtors Account,
Debtors Account set in Tally,
Tally Company,
Company Name as per Imported Tally Data,
Default UOM,
UOM in case unspecified in imported data,
ERPNext Company,
Your Company set in ERPNext,
Processed Files,
Parties,
UOMs,
Vouchers,
Round Off Account,
Day Book Data,
Day Book Data exported from Tally that consists of all historic transactions,
Is Day Book Data Processed,
Is Day Book Data Imported,
Woocommerce Settings,
Enable Sync,
Woocommerce Server URL,
Secret,
API consumer key,
API consumer secret,
Tax Account,
Freight and Forwarding Account,
Creation User,
"The user that will be used to create Customers,
"This warehouse will be used to create Sales Orders. The fallback warehouse is ""Stores"".",
"The fallback series is ""SO-WOO-"".",
This company will be used to create Sales Orders.,
Delivery After (Days),
This is the default offset (days) for the Delivery Date in Sales Orders. The fallback offset is 7 days from the order placement date.,
"This is the default UOM used for items and Sales orders. The fallback UOM is ""Nos"".",
Endpoints,
Endpoint,
Antibiotic Name,
Healthcare Administrator,
Laboratory User,
Is Inpatient,
Default Duration (In Minutes),
Body Part,
Body Part Link,
HLC-CPR-.YYYY.-,
Procedure Template,
Procedure Prescription,
Service Unit,
Consumables,
Consume Stock,
Invoice Consumables Separately,
Consumption Invoiced,
Consumable Total Amount,
Consumption Details,
Nursing User,
Clinical Procedure Item,
Invoice Separately as Consumables,
Transfer Qty,
Actual Qty (at source/target),
Is Billable,
Allow Stock Consumption,
Sample UOM,
Collection Details,
Change In Item,
Codification Table,
Complaints,
Dosage Strength,
Strength,
Drug Prescription,
Drug Name / Description,
Dosage,
Dosage by Time Interval,
Interval,
Interval UOM,
Hour,
Update Schedule,
Exercise,
Difficulty Level,
Counts Target,
Counts Completed,
Assistance Level,
Active Assist,
Exercise Name,
Body Parts,
Exercise Instructions,
Exercise Video,
Exercise Steps,
Steps Table,
Exercise Type Step,
Max number of visit,
Visited yet,
Reference Appointments,
Valid till,
Fee Validity Reference,
Basic Details,
HLC-PRAC-.YYYY.-,
Mobile,
Phone (R),
Phone (Office),
Employee and User Details,
Hospital,
Appointments,
Practitioner Schedules,
Charges,
Out Patient Consulting Charge,
Default Currency,
Healthcare Schedule Time Slot,
Parent Service Unit,
Service Unit Type,
Allow Appointments,
Allow Overlap,
Inpatient Occupancy,
Occupancy Status,
Vacant,
Occupied,
Item Details,
UOM Conversion in Hours,
Rate / UOM,
Change in Item,
Out Patient Settings,
Patient Name By,
Patient Name,
Link Customer to Patient,
"If checked,
Default Medical Code Standard,
Collect Fee for Patient Registration,
Checking this will create new Patients with a Disabled status by default and will only be enabled after invoicing the Registration Fee.,
Registration Fee,
Automate Appointment Invoicing,
Manage Appointment Invoice submit and cancel automatically for Patient Encounter,
Enable Free Follow-ups,
Number of Patient Encounters in Valid Days,
The number of free follow ups (Patient Encounters in valid days) allowed,
Valid Number of Days,
Time period (Valid number of days) for free consultations,
Default Healthcare Service Items,
"You can configure default Items for billing consultation charges,
Clinical Procedure Consumable Item,
Default Accounts,
Default income accounts to be used if not set in Healthcare Practitioner to book Appointment charges.,
Default receivable accounts to be used to book Appointment charges.,
Out Patient SMS Alerts,
Patient Registration,
Registration Message,
Confirmation Message,
Avoid Confirmation,
Do not confirm if appointment is created for the same day,
Appointment Reminder,
Reminder Message,
Laboratory Settings,
Create Lab Test(s) on Sales Invoice Submission,
Checking this will create Lab Test(s) specified in the Sales Invoice on submission.,
Create Sample Collection document for Lab Test,
Checking this will create a Sample Collection document  every time you create a Lab Test,
Employee name and designation in print,
Check this if you want the Name and Designation of the Employee associated with the User who submits the document to be printed in the Lab Test Report.,
Do not print or email Lab Tests without Approval,
Checking this will restrict printing and emailing of Lab Test documents unless they have the status as Approved.,
Custom Signature in Print,
Laboratory SMS Alerts,
Result Printed Message,
Result Emailed Message,
Check In,
Check Out,
HLC-INP-.YYYY.-,
A Positive,
A Negative,
AB Positive,
AB Negative,
B Positive,
B Negative,
O Positive,
O Negative,
Date of birth,
Admission Scheduled,
Discharge Scheduled,
Discharged,
Admission Schedule Date,
Admitted Datetime,
Expected Discharge,
Discharge Date,
Lab Prescription,
Lab Test Name,
Test Created,
Submitted Date,
Approved Date,
Sample ID,
Lab Technician,
Report Preference,
Test Name,
Test Template,
Test Group,
Custom Result,
LabTest Approver,
Add Test,
Normal Range,
Result Format,
Single,
Compound,
Descriptive,
Grouped,
No Result,
This value is updated in the Default Sales Price List.,
Lab Routine,
Result Value,
Require Result Value,
Normal Test Template,
Patient Demographics,
HLC-PAT-.YYYY.-,
Middle Name (optional),
Inpatient Status,
"If ""Link Customer to Patient"" is checked in Healthcare Settings and an existing Customer is not selected then,
Personal and Social History,
Marital Status,
Married,
Divorced,
Widow,
Patient Relation,
"Allergies,
Allergies,
Medication,
Medical History,
Surgical History,
Risk Factors,
Occupational Hazards and Environmental Factors,
Other Risk Factors,
Patient Details,
Additional information regarding the patient,
HLC-APP-.YYYY.-,
Patient Age,
Get Prescribed Clinical Procedures,
Therapy,
Get Prescribed Therapies,
Appointment Datetime,
Duration (In Minutes),
Reference Sales Invoice,
More Info,
Referring Practitioner,
HLC-PA-.YYYY.-,
Assessment Template,
Assessment Datetime,
Assessment Description,
Assessment Sheet,
Total Score Obtained,
Scale Min,
Scale Max,
Patient Assessment Detail,
Assessment Parameter,
Patient Assessment Parameter,
Patient Assessment Sheet,
Patient Assessment Template,
Assessment Parameters,
Parameters,
Assessment Scale,
Scale Minimum,
Scale Maximum,
HLC-ENC-.YYYY.-,
Encounter Date,
Encounter Time,
Encounter Impression,
Symptoms,
In print,
Medical Coding,
Procedures,
Therapies,
Review Details,
Patient Encounter Diagnosis,
Patient Encounter Symptom,
HLC-PMR-.YYYY.-,
Attach Medical Record,
Spouse,
Family,
Schedule Details,
Schedule Name,
Time Slots,
Practitioner Service Unit Schedule,
Procedure Name,
Appointment Booked,
Procedure Created,
HLC-SC-.YYYY.-,
Collected By,
Particulars,
Result Component,
HLC-THP-.YYYY.-,
Therapy Plan Details,
Total Sessions,
Total Sessions Completed,
Therapy Plan Detail,
No of Sessions,
Sessions Completed,
Tele,
Exercises,
Therapy For,
Add Exercises,
Body Temperature,
Presence of a fever (temp &gt; 38.5 °C/101.3 °F or sustained temp &gt; 38 °C/100.4 °F),
Heart Rate / Pulse,
Adults' pulse rate is anywhere between 50 and 80 beats per minute.,
Respiratory rate,
Normal reference range for an adult is 16–20 breaths/minute (RCP 2012),
Tongue,
Coated,
Very Coated,
Normal,
Furry,
Cuts,
Abdomen,
Bloated,
Fluid,
Constipated,
Reflexes,
Hyper,
Very Hyper,
One Sided,
Blood Pressure (systolic),
Blood Pressure (diastolic),
Blood Pressure,
"Normal resting blood pressure in an adult is approximately 120 mmHg systolic,
Nutrition Values,
Height (In Meter),
Weight (In Kilogram),
BMI,
Hotel Room,
Hotel Room Type,
Capacity,
Extra Bed Capacity,
Hotel Manager,
Hotel Room Amenity,
Billable,
Hotel Room Package,
Amenities,
Hotel Room Pricing,
Hotel Room Pricing Item,
Hotel Room Pricing Package,
Hotel Room Reservation,
Guest Name,
Late Checkin,
Booked,
Hotel Reservation User,
Hotel Room Reservation Item,
Hotel Settings,
Default Taxes and Charges,
Default Invoice Naming Series,
HR,
Date on which this component is applied,
Salary Slip,
HR User,
Job Applicant,
Body,
Appraisal Template,
Parent Department,
Leave Block List,
Days for which Holidays are blocked for this department.,
Leave Approver,
Expense Approver,
Required Skills,
Skills,
Driver,
HR-DRI-.YYYY.-,
Suspended,
Transporter,
Applicable for external driver,
Cellphone Number,
License Details,
License Number,
Issuing Date,
Driving License Categories,
Driving License Category,
Fleet Manager,
Driver licence class,
HR-EMP-,
Employment Type,
Emergency Contact,
Emergency Contact Name,
Emergency Phone,
ERPNext User,
"System User (login) ID. If set,
Create User Permission,
This will restrict user access to other employee records,
Joining Details,
Offer Date,
Confirmation Date,
Contract End Date,
Notice (days),
Date Of Retirement,
Department and Grade,
Reports to,
Attendance and Leave Details,
Attendance Device ID (Biometric/RF tag ID),
Applicable Holiday List,
Default Shift,
Salary Mode,
Bank A/C No.,
Health Insurance,
Health Insurance Provider,
Health Insurance No,
Prefered Email,
Personal Email,
Permanent Address Is,
Rented,
Owned,
Permanent Address,
Prefered Contact Email,
Company Email,
Provide Email Address registered in company,
Current Address Is,
Current Address,
Personal Bio,
Bio / Cover Letter,
Short biography for website and other publications.,
Passport Number,
Date of Issue,
Place of Issue,
Widowed,
Family Background,
"Here you can maintain family details like name and occupation of parent,
Health Details,
"Here you can maintain height,
Educational Qualification,
Previous Work Experience,
External Work History,
History In Company,
Internal Work History,
Resignation Letter Date,
Relieving Date,
Reason for Leaving,
Leave Encashed?,
Encashment Date,
New Workplace,
Returned Amount,
Advance Account,
Benefits Applied,
Benefit Type and Amount,
Task Weight,
Employee Education,
School/University,
Graduate,
Post Graduate,
Under Graduate,
Year of Passing,
Class / Percentage,
Major/Optional Subjects,
Employee External Work History,
Total Experience,
Default Leave Policy,
Employee Group Table,
ERPNext User ID,
Employee Internal Work History,
Activities,
Employee Onboarding Activity,
Employee Promotion Detail,
Employee Transfer Property,
Unclaimed amount,
Holiday List Name,
Total Holidays,
Add Weekly Holidays,
Weekly Off,
Add to Holidays,
Holidays,
Clear Table,
Retirement Age,
Enter retirement age in years,
Stop Birthday Reminders,
Leave Settings,
Accepted,
Printing Details,
Job Title,
Allocation,
Select Employees,
Allocate,
Max Leaves Allowed,
Maximum Continuous Days Applicable,
Select Payroll Period,
Abbr,
Condition and Formula,
Total Working Hours,
Hour Rate,
Bank Account No.,
Earning & Deduction,
Loan repayment,
Employee Loan,
Total Principal Amount,
Total Interest Amount,
Total Loan Repayment,
net pay info,
Gross Pay - Total Deduction - Loan Repayment,
Net Pay (in words) will be visible once you save the Salary Slip.,
Staffing Plan Details,
Optional,
Costing,
Vehicle,
License Plate,
Odometer Value (Last),
Acquisition Date,
Chassis No,
Vehicle Value,
Insurance Details,
Insurance Company,
Policy No,
Additional Details,
Fuel Type,
Petrol,
Diesel,
Natural Gas,
Electric,
Fuel UOM,
Last Carbon Check,
Wheels,
Doors,
last Odometer Value ,
Service Detail,
Hub Tracked Item,
Hub Node,
Image List,
Item Manager,
Hub User,
Hub Password,
Hub Users,
Marketplace Settings,
Disable Marketplace,
Marketplace URL (to hide and update label),
Registered,
Sync in Progress,
Hub Seller Name,
Custom Data,
Repay From Salary,
Regular Payment,
Loan Closure,
Rate of Interest (%) Yearly,
MAT-MSH-.YYYY.-,
Generate Schedule,
Schedules,
Maintenance Schedule Detail,
Scheduled Date,
Actual Date,
Maintenance Schedule Item,
Random,
No of Visits,
MAT-MVS-.YYYY.-,
Maintenance Date,
Maintenance Time,
Completion Status,
Partially Completed,
Fully Completed,
Unscheduled,
Breakdown,
Purposes,
Customer Feedback,
Maintenance Visit Purpose,
Work Done,
Against Document No,
Against Document Detail No,
MFG-BLR-.YYYY.-,
Order Type,
Blanket Order Item,
Ordered Quantity,
Item to be manufactured or repacked,
Quantity of item obtained after manufacturing / repacking from given quantities of raw materials,
Set rate of sub-assembly item based on BOM,
Allow Alternative Item,
Item UOM,
Conversion Rate,
Rate Of Materials Based On,
With Operations,
Manage cost of operations,
Transfer Material Against,
Routing,
Materials,
Quality Inspection Required,
Quality Inspection Template,
Scrap,
Scrap Items,
Operating Cost,
Raw Material Cost,
Scrap Material Cost,
Operating Cost (Company Currency),
Raw Material Cost (Company Currency),
Scrap Material Cost(Company Currency),
Total Cost,
Total Cost (Company Currency),
Materials Required (Exploded),
Exploded Items,
Show in Website,
Item Image (if not slideshow),
Thumbnail,
Website Specifications,
Show Items,
Show Operations,
Website Description,
BOM Explosion Item,
Qty Consumed Per Unit,
Include Item In Manufacturing,
BOM Item,
Item operation,
Rate & Amount,
Basic Rate (Company Currency),
Scrap %,
Original Item,
BOM Operation,
Operation Time ,
In minutes,
Batch Size,
Base Hour Rate(Company Currency),
Operating Cost(Company Currency),
BOM Scrap Item,
Basic Amount (Company Currency),
BOM Update Tool,
"Replace a particular BOM in all other BOMs where it is used. It will replace the old BOM link,
Replace BOM,
Current BOM,
The BOM which will be replaced,
The new BOM after replacement,
Replace,
Update latest price in all BOMs,
BOM Website Item,
BOM Website Operation,
Operation Time,
PO-JOB.#####,
Timing Detail,
Time Logs,
Total Time in Mins,
Operation ID,
Transferred Qty,
Job Started,
Started Time,
Current Time,
Job Card Item,
Job Card Time Log,
Time In Mins,
Completed Qty,
Manufacturing Settings,
Raw Materials Consumption,
Allow Multiple Material Consumption,
Backflush Raw Materials Based On,
Material Transferred for Manufacture,
Capacity Planning,
Disable Capacity Planning,
Allow Overtime,
Allow Production on Holidays,
Capacity Planning For (Days),
Default Warehouses for Production,
Default Work In Progress Warehouse,
Default Finished Goods Warehouse,
Default Scrap Warehouse,
Overproduction Percentage For Sales Order,
Overproduction Percentage For Work Order,
Other Settings,
Update BOM Cost Automatically,
Material Request Plan Item,
Material Request Type,
Material Issue,
Customer Provided,
Minimum Order Quantity,
Default Workstation,
Production Plan,
MFG-PP-.YYYY.-,
Get Items From,
Get Sales Orders,
Material Request Detail,
Get Material Request,
Material Requests,
Get Items For Work Order,
Material Request Planning,
Include Non Stock Items,
Include Subcontracted Items,
Ignore Existing Projected Quantity,
"To know more about projected quantity,
Download Required Materials,
Get Raw Materials For Production,
Total Planned Qty,
Total Produced Qty,
Material Requested,
Production Plan Item,
Make Work Order for Sub Assembly Items,
"If enabled,
Planned Start Date,
Quantity and Description,
material_request_item,
Product Bundle Item,
Production Plan Material Request,
Production Plan Sales Order,
Sales Order Date,
Routing Name,
MFG-WO-.YYYY.-,
Item To Manufacture,
Material Transferred for Manufacturing,
Manufactured Qty,
Use Multi-Level BOM,
Plan material for sub-assemblies,
Skip Material Transfer to WIP Warehouse,
Check if material transfer entry is not required,
Backflush Raw Materials From Work-in-Progress Warehouse,
Update Consumed Material Cost In Project,
Warehouses,
This is a location where raw materials are available.,
Work-in-Progress Warehouse,
This is a location where operations are executed.,
This is a location where final product stored.,
Scrap Warehouse,
This is a location where scraped materials are stored.,
Required Items,
Actual Start Date,
Planned End Date,
Actual End Date,
Operation Cost,
Planned Operating Cost,
Actual Operating Cost,
Additional Operating Cost,
Total Operating Cost,
Manufacture against Material Request,
Work Order Item,
Available Qty at Source Warehouse,
Available Qty at WIP Warehouse,
Work Order Operation,
Operation Description,
Operation completed for how many finished goods?,
Work in Progress,
Estimated Time and Cost,
Planned Start Time,
Planned End Time,
in Minutes,
Actual Time and Cost,
Actual Start Time,
Actual End Time,
Updated via 'Time Log',
Actual Operation Time,
in Minutes\nUpdated via 'Time Log',
(Hour Rate / 60) * Actual Operation Time,
Workstation Name,
Production Capacity,
Operating Costs,
Electricity Cost,
per hour,
Consumable Cost,
Rent Cost,
Wages,
Wages per hour,
Net Hour Rate,
Workstation Working Hour,
Certification Application,
Name of Applicant,
Certification Status,
Yet to appear,
Certified,
Not Certified,
USD,
INR,
Certified Consultant,
Name of Consultant,
Certification Validity,
Discuss ID,
GitHub ID,
Non Profit Manager,
Chapter Head,
Meetup Embed HTML,
chapters/chapter_name\nleave blank automatically set after saving chapter.,
Chapter Members,
Members,
Chapter Member,
Website URL,
Leave Reason,
Donor Name,
Donor Type,
Withdrawn,
Grant Application Details ,
Grant Description,
Requested Amount,
Has any past Grant Record,
Show on Website,
Assessment  Mark (Out of 10),
Assessment  Manager,
Email Notification Sent,
NPO-MEM-.YYYY.-,
Membership Expiry Date,
Razorpay Details,
Subscription ID,
Customer ID,
Subscription Activated,
Subscription Start ,
Subscription End,
Non Profit Member,
Membership Status,
Member Since,
Payment ID,
Membership Settings,
Enable RazorPay For Memberships,
RazorPay Settings,
Billing Cycle,
Billing Frequency,
"The number of billing cycles for which the customer should be charged. For example,
Razorpay Plan ID,
Volunteer Name,
Volunteer Type,
Availability and Skills,
Availability,
Weekends,
Availability Timeslot,
Morning,
Afternoon,
Evening,
Anytime,
Volunteer Skills,
Volunteer Skill,
Homepage,
Hero Section Based On,
Homepage Section,
Hero Section,
Tag Line,
Company Tagline for website homepage,
Company Description for website homepage,
Homepage Slideshow,
"URL for ""All Products""",
Products to be shown on website homepage,
Homepage Featured Product,
route,
Section Based On,
Section Cards,
Number of Columns,
Number of columns for this section. 3 cards will be shown per row if you select 3 columns.,
Section HTML,
Use this field to render any custom HTML in the section.,
Section Order,
"Order in which sections should appear. 0 is first,
Homepage Section Card,
Subtitle,
Products Settings,
Home Page is Products,
"If checked,
Show Availability Status,
Product Page,
Products per Page,
Enable Field Filters,
Item Fields,
Enable Attribute Filters,
Attributes,
Hide Variants,
Website Attribute,
Attribute,
Website Filter Field,
Activity Cost,
Billing Rate,
Costing Rate,
title,
Projects User,
Default Costing Rate,
Default Billing Rate,
Dependent Task,
Project Type,
% Complete Method,
Task Completion,
Task Progress,
% Completed,
From Template,
Project will be accessible on the website to these users,
Copied From,
Start and End Dates,
Costing and Billing,
Total Costing Amount (via Timesheet),
Total Expense Claim (via Expense Claim),
Total Purchase Cost (via Purchase Invoice),
Total Sales Amount (via Sales Order),
Total Billable Amount (via Timesheet),
Total Billed Amount (via Sales Invoice),
Total Consumed Material Cost (via Stock Entry),
Gross Margin,
Gross Margin %,
Monitor Progress,
Collect Progress,
Frequency To Collect Progress,
Twice Daily,
First Email,
Second Email,
Time to send,
Day to Send,
Message will be sent to the users to get their status on the Project,
Projects Manager,
Project Template,
Project Template Task,
Begin On (Days),
Duration (Days),
Project Update,
Project User,
View attachments,
Projects Settings,
Ignore Workstation Time Overlap,
Ignore User Time Overlap,
Ignore Employee Time Overlap,
Weight,
Parent Task,
Timeline,
Expected Time (in hours),
% Progress,
Is Milestone,
Task Description,
Dependencies,
Dependent Tasks,
Depends on Tasks,
Actual Start Date (via Timesheet),
Actual Time in Hours (via Timesheet),
Actual End Date (via Timesheet),
Total Expense Claim (via Expense Claim),
Review Date,
Closing Date,
Task Depends On,
Task Type,
TS-.YYYY.-,
Employee Detail,
Billing Details,
Total Billable Hours,
Total Billed Hours,
Total Costing Amount,
Total Billable Amount,
Total Billed Amount,
% Amount Billed,
% Returned,
Hrs,
Costing Amount,
Corrective/Preventive,
Corrective,
Preventive,
Resolution,
Resolutions,
Quality Action Resolution,
Quality Feedback Parameter,
Quality Feedback Template Parameter,
Quality Goal,
Monitoring Frequency,
Weekday,
Objectives,
Quality Goal Objective,
Objective,
Agenda,
Minutes,
Quality Meeting Agenda,
Quality Meeting Minutes,
Minute,
Parent Procedure,
Processes,
Quality Procedure Process,
Process Description,
Link existing Quality Procedure.,
Additional Information,
Quality Review Objective,
DATEV Settings,
Regional,
Consultant ID,
GST HSN Code,
HSN Code,
GST Settings,
GST Summary,
GSTIN Email Sent On,
GST Accounts,
B2C Limit,
Set Invoice Value for B2C. B2CL and B2CS calculated based on this invoice value.,
GSTR 3B Report,
January,
February,
March,
April,
August,
September,
October,
November,
December,
JSON Output,
Invoices with no Place Of Supply,
Import Supplier Invoice,
Invoice Series,
Upload XML Invoices,
Zip File,
Import Invoices,
Click on Import Invoices button once the zip file has been attached to the document. Any errors related to processing will be shown in the Error Log.,
Lower Deduction Certificate,
Certificate Details,
194A,
194C,
194D,
194H,
194I,
194J,
194LA,
194LBB,
194LBC,
Certificate No,
Deductee Details,
PAN No,
Validity Details,
Rate Of TDS As Per Certificate,
Certificate Limit,
Invoice Series Prefix,
Active Menu,
Restaurant Menu,
Price List (Auto created),
Restaurant Manager,
Restaurant Menu Item,
Restaurant Order Entry,
Restaurant Table,
Click Enter To Add,
Last Sales Invoice,
Current Order,
Restaurant Order Entry Item,
Served,
Restaurant Reservation,
Waitlisted,
No Show,
No of People,
Reservation Time,
Reservation End Time,
No of Seats,
Minimum Seating,
"Keep Track of Sales Campaigns. Keep track of Leads,
SAL-CAM-.YYYY.-,
Campaign Schedules,
Buyer of Goods and Services.,
CUST-.YYYY.-,
Default Company Bank Account,
From Lead,
Account Manager,
Allow Sales Invoice Creation Without Sales Order,
Allow Sales Invoice Creation Without Delivery Note,
Default Price List,
Primary Address and Contact Detail,
"Select,
Customer Primary Contact,
"Reselect,
Customer Primary Address,
"Reselect,
Primary Address,
Mention if non-standard receivable account,
Credit Limit and Payment Terms,
Additional information regarding the customer.,
Sales Partner and Commission,
Commission Rate,
Sales Team Details,
Customer POS id,
Customer Credit Limit,
Bypass Credit Limit Check at Sales Order,
Industry Type,
MAT-INS-.YYYY.-,
Installation Date,
Installation Time,
Installation Note Item,
Installed Qty,
Lead Source,
Period Start Date,
Period End Date,
Cashier,
Difference,
Modes of Payment,
Linked Invoices,
POS Closing Voucher Details,
Collected Amount,
Expected Amount,
POS Closing Voucher Invoices,
Quantity of Items,
"Aggregate group of **Items** into another **Item**. This is useful if you are bundling a certain **Items** into a package and you maintain stock of the packed **Items** and not the aggregate **Item**. \n\nThe package **Item** will have ""Is Stock Item"" as ""No"" and ""Is Sales Item"" as ""Yes"".\n\nFor Example: If you are selling Laptops and Backpacks separately and have a special price if the customer buys both,
Parent Item,
List items that form the package.,
SAL-QTN-.YYYY.-,
Quotation To,
Rate at which customer's currency is converted to company's base currency,
Rate at which Price list currency is converted to company's base currency,
Additional Discount and Coupon Code,
Referral Sales Partner,
In Words will be visible once you save the Quotation.,
Term Details,
Quotation Item,
Against Doctype,
Against Docname,
Additional Notes,
SAL-ORD-.YYYY.-,
Skip Delivery Note,
In Words will be visible once you save the Sales Order.,
Track this Sales Order against any Project,
Billing and Delivery Status,
Not Delivered,
Fully Delivered,
Partly Delivered,
Not Applicable,
%  Delivered,
% of materials delivered against this Sales Order,
% of materials billed against this Sales Order,
Not Billed,
Fully Billed,
Partly Billed,
Ensure Delivery Based on Produced Serial No,
Supplier delivers to Customer,
Delivery Warehouse,
Planned Quantity,
For Production,
Work Order Qty,
Produced Quantity,
Used for Production Plan,
Sales Partner Type,
Contact No.,
Contribution (%),
Contribution to Net Total,
Selling Settings,
Settings for Selling Module,
Customer Naming By,
Campaign Naming By,
Default Customer Group,
Default Territory,
Close Opportunity After Days,
Default Quotation Validity Days,
Sales Update Frequency,
Each Transaction,
SMS Center,
Send To,
All Contact,
All Customer Contact,
All Supplier Contact,
All Sales Partner Contact,
All Lead (Open),
All Employee (Active),
All Sales Person,
Create Receiver List,
Receiver List,
Messages greater than 160 characters will be split into multiple messages,
Total Characters,
Total Message(s),
Authorization Control,
Authorization Rule,
Average Discount,
Customerwise Discount,
Itemwise Discount,
Customer or Item,
Customer / Item Name,
Authorized Value,
Applicable To (Role),
Applicable To (Employee),
Applicable To (User),
Applicable To (Designation),
Approving Role (above authorized value),
Approving User  (above authorized value),
Brand Defaults,
Legal Entity / Subsidiary with a separate Chart of Accounts belonging to the Organization.,
Change Abbreviation,
Parent Company,
Default Values,
Default Holiday List,
Default Selling Terms,
Default Buying Terms,
Create Chart Of Accounts Based On,
Standard Template,
Existing Company,
Chart Of Accounts Template,
Existing Company ,
Date of Establishment,
Sales Settings,
Monthly Sales Target,
Sales Monthly History,
Transactions Annual History,
Total Monthly Sales,
Default Cash Account,
Default Receivable Account,
Round Off Cost Center,
Discount Allowed Account,
Discount Received Account,
Exchange Gain / Loss Account,
Unrealized Exchange Gain/Loss Account,
Allow Account Creation Against Child Company,
Default Payable Account,
Default Employee Advance Account,
Default Cost of Goods Sold Account,
Default Income Account,
Default Deferred Revenue Account,
Default Deferred Expense Account,
Default Payroll Payable Account,
Default Expense Claim Payable Account,
Stock Settings,
Enable Perpetual Inventory,
Default Inventory Account,
Stock Adjustment Account,
Fixed Asset Depreciation Settings,
Series for Asset Depreciation Entry (Journal Entry),
Gain/Loss Account on Asset Disposal,
Asset Depreciation Cost Center,
Budget Detail,
Exception Budget Approver Role,
Company Info,
For reference only.,
Company Logo,
Date of Incorporation,
Date of Commencement,
Phone No,
Company Description,
Registration Details,
Company registration numbers for your reference. Tax numbers etc.,
Delete Company Transactions,
Currency Exchange,
Specify Exchange Rate to convert one currency into another,
From Currency,
To Currency,
For Buying,
For Selling,
Customer Group Name,
Parent Customer Group,
Only leaf nodes are allowed in transaction,
Mention if non-standard receivable account applicable,
Credit Limits,
Email Digest,
Send regular summary reports via Email.,
Email Digest Settings,
How frequently?,
Next email will be sent on:,
Note: Email will not be sent to disabled users,
Profit & Loss,
New Income,
New Expenses,
Annual Income,
Annual Expenses,
Bank Balance,
Bank Credit Balance,
Receivables,
Payables,
Sales Orders to Bill,
Purchase Orders to Bill,
New Sales Orders,
New Purchase Orders,
Sales Orders to Deliver,
Purchase Orders to Receive,
New Purchase Invoice,
New Quotations,
Open Quotations,
Open Issues,
Open Projects,
Purchase Orders Items Overdue,
Upcoming Calendar Events,
Open To Do,
Add Quote,
Global Defaults,
Default Company,
Current Fiscal Year,
Default Distance Unit,
Hide Currency Symbol,
Do not show any symbol like $ etc next to currencies.,
"If disable,
Disable In Words,
"If disable,
Item Classification,
General Settings,
Item Group Name,
Parent Item Group,
Item Group Defaults,
Item Tax,
Check this if you want to show in website,
Show this slideshow at the top of the page,
HTML / Banner that will show on the top of product list.,
Set prefix for numbering series on your transactions,
Setup Series,
Update Series,
Change the starting / current sequence number of an existing series.,
Quotation Lost Reason,
A third party distributor / dealer / commission agent / affiliate / reseller who sells the companies products for a commission.,
Sales Partner Name,
Partner Type,
Address & Contacts,
Address Desc,
Contact Desc,
Sales Partner Target,
Targets,
Show In Website,
Referral Code,
To Track inbound purchase,
Logo,
Partner website,
All Sales Transactions can be tagged against multiple **Sales Persons** so that you can set and monitor targets.,
Name and Employee ID,
Sales Person Name,
Parent Sales Person,
Select company name first.,
Sales Person Targets,
Set targets Item Group-wise for this Sales Person.,
Supplier Group Name,
Parent Supplier Group,
Target Detail,
Target Qty,
Target  Amount,
Target Distribution,
"Standard Terms and Conditions that can be added to Sales and Purchases.\n\nExamples:\n\n1. Validity of the offer.\n1. Payment Terms (In Advance,
Applicable Modules,
Terms and Conditions Help,
Classification of Customers by region,
Territory Name,
Parent Territory,
Territory Manager,
For reference,
Territory Targets,
Set Item Group-wise budgets on this Territory. You can also include seasonality by setting the Distribution.,
UOM Name,
Check this to disallow fractions. (for Nos),
Website Item Group,
Cross Listing of Item in multiple groups,
Default settings for Shopping Cart,
Enable Shopping Cart,
Display Settings,
Show Public Attachments,
Show Price,
Show Stock Availability,
Show Contact Us Button,
Show Stock Quantity,
Show Apply Coupon Code,
Allow items not in stock to be added to cart,
Prices will not be shown if Price List is not set,
Quotation Series,
Checkout Settings,
Enable Checkout,
Payment Success Url,
After payment completion redirect user to selected page.,
Batch Details,
Batch ID,
image,
Parent Batch,
Manufacturing Date,
Batch Quantity,
Batch UOM,
Source Document Type,
Source Document Name,
Batch Description,
Bin,
Reserved Quantity,
Actual Quantity,
Requested Quantity,
Reserved Qty for sub contract,
Moving Average Rate,
FCFS Rate,
Customs Tariff Number,
Tariff Number,
Delivery To,
MAT-DN-.YYYY.-,
Is Return,
Issue Credit Note,
Return Against Delivery Note,
Customer's Purchase Order No,
Billing Address Name,
Required only for sample item.,
"If you have created a standard template in Sales Taxes and Charges Template,
In Words will be visible once you save the Delivery Note.,
In Words (Export) will be visible once you save the Delivery Note.,
Transporter Info,
Driver Name,
Track this Delivery Note against any Project,
Inter Company Reference,
Print Without Amount,
% Installed,
% of materials delivered against this Delivery Note,
Installation Status,
Excise Page Number,
Instructions,
From Warehouse,
Against Sales Order,
Against Sales Order Item,
Against Sales Invoice,
Against Sales Invoice Item,
Available Batch Qty at From Warehouse,
Available Qty at From Warehouse,
Delivery Settings,
Dispatch Settings,
Dispatch Notification Template,
Dispatch Notification Attachment,
Leave blank to use the standard Delivery Note format,
Send with Attachment,
Delay between Delivery Stops,
Delivery Stop,
Lock,
Visited,
Order Information,
Contact Information,
Email sent to,
Dispatch Information,
Estimated Arrival,
MAT-DT-.YYYY.-,
Initial Email Notification Sent,
Delivery Details,
Driver Email,
Driver Address,
Total Estimated Distance,
Distance UOM,
Departure Time,
Delivery Stops,
Calculate Estimated Arrival Times,
Use Google Maps Direction API to calculate estimated arrival times,
Optimize Route,
Use Google Maps Direction API to optimize route,
In Transit,
Fulfillment User,
"A Product or a Service that is bought,
STO-ITEM-.YYYY.-,
Variant Of,
"If item is a variant of another item then description,
Is Item from Hub,
Default Unit of Measure,
Maintain Stock,
Standard Selling Rate,
Auto Create Assets on Purchase,
Asset Naming Series,
Over Delivery/Receipt Allowance (%),
Barcodes,
Shelf Life In Days,
End of Life,
Default Material Request Type,
Valuation Method,
FIFO,
Moving Average,
Warranty Period (in days),
Auto re-order,
Reorder level based on Warehouse,
Will also apply for variants unless overrridden,
Units of Measure,
Will also apply for variants,
Serial Nos and Batches,
Has Batch No,
Automatically Create New Batch,
Batch Number Series,
"Example: ABCD.#####. If series is set and Batch No is not mentioned in transactions,
Has Expiry Date,
Retain Sample,
Max Sample Quantity,
Maximum sample quantity that can be retained,
Has Serial No,
Serial Number Series,
"Example: ABCD.#####\nIf series is set and Serial No is not mentioned in transactions,
Variants,
Has Variants,
"If this item has variants,
Variant Based On,
Item Attribute,
"Sales,
Item Defaults,
"Purchase,
Is Purchase Item,
Default Purchase Unit of Measure,
Minimum Order Qty,
Minimum quantity should be as per Stock UOM,
Average time taken by the supplier to deliver,
Is Customer Provided Item,
Delivered by Supplier (Drop Ship),
Supplier Items,
Foreign Trade Details,
Country of Origin,
Sales Details,
Default Sales Unit of Measure,
Is Sales Item,
Max Discount (%),
No of Months,
Customer Items,
Inspection Criteria,
Inspection Required before Purchase,
Inspection Required before Delivery,
Default BOM,
Supply Raw Materials for Purchase,
If subcontracted to a vendor,
Customer Code,
Default Item Manufacturer,
Default Manufacturer Part No,
Show in Website (Variant),
Items with higher weightage will be shown higher,
Show a slideshow at the top of the page,
Website Image,
Website Warehouse,
"Show ""In Stock"" or ""Not in Stock"" based on stock available in this warehouse.",
Website Item Groups,
List this Item in multiple groups on the website.,
Copy From Item Group,
Website Content,
You can use any valid Bootstrap 4 markup in this field. It will be shown on your Item Page.,
Total Projected Qty,
Hub Publishing Details,
Publish in Hub,
Publish Item to hub.erpnext.com,
Hub Category to Publish,
Hub Warehouse,
"Publish ""In Stock"" or ""Not in Stock"" on Hub based on stock available in this warehouse.",
Synced With Hub,
Item Alternative,
Alternative Item Code,
Two-way,
Alternative Item Name,
Attribute Name,
Numeric Values,
From Range,
Increment,
To Range,
Item Attribute Values,
Item Attribute Value,
Attribute Value,
Abbreviation,
"This will be appended to the Item Code of the variant. For example,
Item Barcode,
Barcode Type,
EAN,
UPC-A,
Item Customer Detail,
"For the convenience of customers,
Ref Code,
Item Default,
Purchase Defaults,
Default Buying Cost Center,
Default Supplier,
Default Expense Account,
Sales Defaults,
Default Selling Cost Center,
Item Manufacturer,
Item Price,
Packing Unit,
Quantity  that must be bought or sold per UOM,
Item Quality Inspection Parameter,
Acceptance Criteria,
Item Reorder,
Check in (group),
Request for,
Re-order Level,
Re-order Qty,
Item Supplier,
Item Variant,
Item Variant Attribute,
Do not update variants on save,
Fields will be copied over only at time of creation.,
Allow Rename Attribute Value,
Rename Attribute Value in Item Attribute.,
Copy Fields to Variant,
Item Website Specification,
Table for Item that will be shown in Web Site,
Landed Cost Item,
Receipt Document Type,
Receipt Document,
Applicable Charges,
Purchase Receipt Item,
Landed Cost Purchase Receipt,
Landed Cost Taxes and Charges,
Landed Cost Voucher,
MAT-LCV-.YYYY.-,
Purchase Receipts,
Purchase Receipt Items,
Get Items From Purchase Receipts,
Distribute Charges Based On,
Landed Cost Help,
Manufacturers used in Items,
Limited to 12 characters,
MAT-MR-.YYYY.-,
Partially Ordered,
Transferred,
% Ordered,
Terms and Conditions Content,
Quantity and Warehouse,
Lead Time Date,
Min Order Qty,
Packed Item,
To Warehouse (Optional),
Actual Batch Quantity,
Prevdoc DocType,
Parent Detail docname,
"Generate packing slips for packages to be delivered. Used to notify package number,
Indicates that the package is a part of this delivery (Only Draft),
MAT-PAC-.YYYY.-,
From Package No.,
Identification of the package for the delivery (for print),
To Package No.,
If more than one package of the same type (for print),
Package Weight Details,
The net weight of this package. (calculated automatically as sum of net weight of items),
Net Weight UOM,
Gross Weight,
The gross weight of the package. Usually net weight + packaging material weight. (for print),
Gross Weight UOM,
Packing Slip Item,
DN Detail,
STO-PICK-.YYYY.-,
Material Transfer for Manufacture,
Qty of raw materials will be decided based on the qty of the Finished Goods Item,
Parent Warehouse,
Items under this warehouse will be suggested,
Get Item Locations,
Item Locations,
Pick List Item,
Picked Qty,
Price List Master,
Price List Name,
Price Not UOM Dependent,
Applicable for Countries,
Price List Country,
MAT-PRE-.YYYY.-,
Supplier Delivery Note,
Time at which materials were received,
Return Against Purchase Receipt,
Rate at which supplier's currency is converted to company's base currency,
Sets 'Accepted Warehouse' in each row of the items table.,
Sets 'Rejected Warehouse' in each row of the items table.,
Raw Materials Consumed,
Get Current Stock,
Consumed Items,
Add / Edit Taxes and Charges,
Auto Repeat Detail,
Transporter Details,
Vehicle Number,
Vehicle Date,
Received and Accepted,
Accepted Quantity,
Rejected Quantity,
Accepted Qty as per Stock UOM,
Sample Quantity,
Rate and Amount,
MAT-QA-.YYYY.-,
Report Date,
Inspection Type,
Item Serial No,
Sample Size,
Inspected By,
Readings,
Quality Inspection Reading,
Reading 1,
Reading 2,
Reading 3,
Reading 4,
Reading 5,
Reading 6,
Reading 7,
Reading 8,
Reading 9,
Reading 10,
Quality Inspection Template Name,
Quick Stock Balance,
Available Quantity,
Distinct unit of an Item,
Warehouse can only be changed via Stock Entry / Delivery Note / Purchase Receipt,
Purchase / Manufacture Details,
Creation Document Type,
Creation Document No,
Creation Date,
Creation Time,
Asset Details,
Asset Status,
Delivery Document Type,
Delivery Document No,
Delivery Time,
Invoice Details,
Warranty / AMC Details,
Warranty Expiry Date,
AMC Expiry Date,
Under Warranty,
Out of Warranty,
Under AMC,
Out of AMC,
Warranty Period (Days),
Serial No Details,
MAT-STE-.YYYY.-,
Stock Entry Type,
Stock Entry (Outward GIT),
Material Consumption for Manufacture,
Repack,
Send to Subcontractor,
Delivery Note No,
Sales Invoice No,
Purchase Receipt No,
Inspection Required,
From BOM,
For Quantity,
As per Stock UOM,
Including items for sub assemblies,
Default Source Warehouse,
Source Warehouse Address,
Default Target Warehouse,
Target Warehouse Address,
Update Rate and Availability,
Total Incoming Value,
Total Outgoing Value,
Total Value Difference (Out - In),
Additional Costs,
Total Additional Costs,
Customer or Supplier Details,
Per Transferred,
Stock Entry Detail,
Basic Rate (as per Stock UOM),
Basic Amount,
Additional Cost,
Serial No / Batch,
BOM No. for a Finished Good Item,
Material Request used to make this Stock Entry,
Subcontracted Item,
Against Stock Entry,
Stock Entry Child,
PO Supplied Item,
Reference Purchase Receipt,
Stock Ledger Entry,
Outgoing Rate,
Actual Qty After Transaction,
Stock Value Difference,
Stock Queue (FIFO),
Is Cancelled,
Stock Reconciliation,
This tool helps you to update or fix the quantity and valuation of stock in the system. It is typically used to synchronise the system values and what actually exists in your warehouses.,
MAT-RECO-.YYYY.-,
Reconciliation JSON,
Stock Reconciliation Item,
Before reconciliation,
Current Serial No,
Current Valuation Rate,
Current Amount,
Quantity Difference,
Amount Difference,
Item Naming By,
Default Item Group,
Default Stock UOM,
Sample Retention Warehouse,
Default Valuation Method,
Show Barcode Field,
Convert Item Description to Clean HTML,
Allow Negative Stock,
Automatically Set Serial Nos based on FIFO,
Auto Material Request,
Inter Warehouse Transfer Settings,
Freeze Stock Entries,
Stock Frozen Upto,
Batch Identification,
Use Naming Series,
Naming Series Prefix,
UOM Category,
UOM Conversion Detail,
Variant Field,
A logical Warehouse against which stock entries are made.,
Warehouse Detail,
Warehouse Name,
Warehouse Contact Info,
PIN,
ISS-.YYYY.-,
Raised By (Email),
Issue Type,
Issue Split From,
Service Level,
Response By,
Response By Variance,
Ongoing,
Resolution By,
Resolution By Variance,
Service Level Agreement Creation,
First Responded On,
Resolution Details,
Opening Date,
Opening Time,
Resolution Date,
Via Customer Portal,
Support Team,
Issue Priority,
Service Day,
Workday,
Default Priority,
Priorities,
Support Hours,
Support and Resolution,
Default Service Level Agreement,
Entity,
Agreement Details,
Response and Resolution Time,
Service Level Priority,
Resolution Time,
Support Search Source,
Source Type,
Query Route String,
Search Term Param Name,
Response Options,
Response Result Key Path,
Post Route String,
Post Route Key List,
Post Title Key,
Post Description Key,
Link Options,
Source DocType,
Result Title Field,
Result Preview Field,
Result Route Field,
Service Level Agreements,
Track Service Level Agreement,
Allow Resetting Service Level Agreement,
Close Issue After Days,
Auto close Issue after 7 days,
Support Portal,
Get Started Sections,
Show Latest Forum Posts,
Forum Posts,
Forum URL,
Get Latest Query,
Response Key List,
Post Route Key,
Search APIs,
SER-WRN-.YYYY.-,
Issue Date,
Item and Warranty Details,
Warranty / AMC Status,
Resolved By,
Service Address,
If different than customer address,
Raised By,
From Company,
Rename Tool,
Utilities,
Type of document to rename.,
File to Rename,
"Attach .csv file with two columns,
Rename Log,
SMS Log,
Sender Name,
Sent On,
No of Requested SMS,
Requested Numbers,
No of Sent SMS,
Sent To,
Absent Student Report,
Assessment Plan Status,
Asset Depreciation Ledger,
Asset Depreciations and Balances,
Available Stock for Packing Items,
Bank Clearance Summary,
Batch Item Expiry Status,
Batch-Wise Balance History,
BOM Explorer,
BOM Search,
BOM Stock Calculated,
BOM Variance Report,
Campaign Efficiency,
Cash Flow,
Completed Work Orders,
To Produce,
Produced,
Consolidated Financial Statement,
Course wise Assessment Report,
Customer Acquisition and Loyalty,
Customer Credit Balance,
Customer Ledger Summary,
Customer-wise Item Price,
Customers Without Any Sales Transactions,
Daily Timesheet Summary,
DATEV,
Delayed Item Report,
Delayed Order Report,
Delivered Items To Be Billed,
Delivery Note Trends,
Electronic Invoice Register,
Employee Billing Summary,
Employee Birthday,
Employee Information,
Employee Leave Balance,
Employee Leave Balance Summary,
Eway Bill,
Expiring Memberships,
Fichier des Ecritures Comptables [FEC],
Final Assessment Grades,
Fixed Asset Register,
Gross and Net Profit Report,
GST Itemised Purchase Register,
GST Itemised Sales Register,
GST Purchase Register,
GST Sales Register,
GSTR-1,
GSTR-2,
Hotel Room Occupancy,
HSN-wise-summary of outward supplies,
Inactive Customers,
Inactive Sales Items,
IRS 1099,
Issued Items Against Work Order,
Projected Quantity as Source,
Item Balance (Simple),
Item Price Stock,
Item Prices,
Item Shortage Report,
Item Variant Details,
Item-wise Price List Rate,
Item-wise Purchase History,
Item-wise Purchase Register,
Item-wise Sales History,
Item-wise Sales Register,
Items To Be Requested,
Reserved,
Itemwise Recommended Reorder Level,
Lead Details,
Lead Owner Efficiency,
Lost Opportunity,
Maintenance Schedules,
Material Requests for which Supplier Quotations are not created,
Open Work Orders,
Qty to Deliver,
Patient Appointment Analytics,
Payment Period Based On Invoice Date,
Pending SO Items For Purchase Request,
Procurement Tracker,
Product Bundle Balance,
Production Analytics,
Profit and Loss Statement,
Profitability Analysis,
Project Billing Summary,
Project wise Stock Tracking,
Project wise Stock Tracking ,
Prospects Engaged But Not Converted,
Purchase Analytics,
Purchase Invoice Trends,
Qty to Receive,
Received Qty Amount,
Billed Qty,
Purchase Order Trends,
Purchase Receipt Trends,
Purchase Register,
Quotation Trends,
Received Items To Be Billed,
Qty to Order,
Requested Items To Be Transferred,
Qty to Transfer,
Sales Analytics,
Sales Invoice Trends,
Sales Order Trends,
Sales Partner Commission Summary,
Sales Partner Target Variance based on Item Group,
Sales Partner Transaction Summary,
Sales Partners Commission,
Invoiced Amount (Exclusive Tax),
Average Commission Rate,
Sales Payment Summary,
Sales Person Commission Summary,
Sales Person Target Variance Based On Item Group,
Sales Person-wise Transaction Summary,
Sales Register,
Serial No Service Contract Expiry,
Serial No Status,
Serial No Warranty Expiry,
Stock Ageing,
Stock and Account Value Comparison,
Stock Projected Qty,
Student and Guardian Contact Details,
Student Batch-Wise Attendance,
Student Fee Collection,
Student Monthly Attendance Sheet,
Subcontracted Item To Be Received,
Subcontracted Raw Materials To Be Transferred,
Supplier Ledger Summary,
Supplier-Wise Sales Analytics,
Support Hour Distribution,
TDS Computation Summary,
TDS Payable Monthly,
Territory Target Variance Based On Item Group,
Territory-wise Sales,
Total Stock Summary,
Trial Balance,
Trial Balance (Simple),
Trial Balance for Party,
Warehouse wise Item Balance Age and Value,
Work Order Stock Report,
Work Orders in Progress,
Automatically Process Deferred Accounting Entry,
Bank Clearance,
Bank Clearance Detail,
Update Cost Center Name / Number,
Journal Entry Template,
Template Title,
Journal Entry Type,
Journal Entry Template Account,
Process Deferred Accounting,
Manual entry cannot be created! Disable automatic entry for deferred accounting in accounts settings and try again,
End date cannot be before start date,
Total Counts Targeted,
Total Counts Completed,
Counts Targeted: {0},
Material Request Warehouse,
Select warehouse for material requests,
Transfer Materials For Warehouse {0},
Production Plan Material Request Warehouse,
Sets 'Source Warehouse' in each row of the items table.,
Sets 'Target Warehouse' in each row of the items table.,
Show Cancelled Entries,
Backdated Stock Entry,
Row #{}: Currency of {} - {} doesn't matches company currency.,
{} Assets created for {},
{0} Number {1} is already used in {2} {3},
Update Bank Clearance Dates,
Healthcare Practitioner: ,
Lab Test Conducted: ,
Lab Test Event: ,
Lab Test Result: ,
Clinical Procedure conducted: ,
Therapy Session Charges: {0},
Therapy: ,
Therapy Plan: ,
Total Counts Targeted: ,
Total Counts Completed: ,
Is Mandatory,
Service Received But Not Billed,
Deferred Accounting Settings,
Book Deferred Entries Based On,
Days,
Months,
Book Deferred Entries Via Journal Entry,
Submit Journal Entries,
If this is unchecked Journal Entries will be saved in a Draft state and will have to be submitted manually,
Enable Distributed Cost Center,
Distributed Cost Center,
Dunning,
DUNN-.MM.-.YY.-,
Overdue Days,
Dunning Type,
Dunning Fee,
Dunning Amount,
Resolved,
Unresolved,
Printing Setting,
Body Text,
Closing Text,
Resolve,
Dunning Letter Text,
Is Default Language,
Letter or Email Body Text,
Letter or Email Closing Text,
Body and Closing Text Help,
Overdue Interval,
Dunning Letter,
"This section allows the user to set the Body and Closing text of the Dunning Letter for the Dunning Type based on language,
Reference Detail No,
Custom Remarks,
Please select a Company first.,
"Row #{0}: Reference Document Type must be one of Sales Order,
POS Closing Entry,
POS Opening Entry,
POS Transactions,
POS Closing Entry Detail,
Opening Amount,
Closing Amount,
POS Closing Entry Taxes,
POS Invoice,
ACC-PSINV-.YYYY.-,
Consolidated Sales Invoice,
Return Against POS Invoice,
Consolidated,
POS Invoice Item,
POS Invoice Merge Log,
POS Invoices,
Consolidated Credit Note,
POS Invoice Reference,
Set Posting Date,
Opening Balance Details,
POS Opening Entry Detail,
POS Payment Method,
Payment Methods,
Process Statement Of Accounts,
General Ledger Filters,
Customers,
Select Customers By,
Fetch Customers,
Send To Primary Contact,
Print Preferences,
Include Ageing Summary,
Enable Auto Email,
Filter Duration (Months),
CC To,
Help Text,
Emails Queued,
Process Statement Of Accounts Customer,
Billing Email,
Primary Contact Email,
PSOA Cost Center,
PSOA Project,
ACC-PINV-RET-.YYYY.-,
Supplier GSTIN,
Place of Supply,
Select Billing Address,
GST Details,
GST Category,
Registered Regular,
Registered Composition,
Unregistered,
SEZ,
Overseas,
UIN Holders,
With Payment of Tax,
Without Payment of Tax,
Invoice Copy,
Original for Recipient,
Duplicate for Transporter,
Duplicate for Supplier,
Triplicate for Supplier,
Reverse Charge,
Y,
N,
E-commerce GSTIN,
Reason For Issuing document,
01-Sales Return,
02-Post Sale Discount,
03-Deficiency in services,
04-Correction in Invoice,
05-Change in POS,
06-Finalization of Provisional assessment,
07-Others,
Eligibility For ITC,
Input Service Distributor,
Import Of Service,
Import Of Capital Goods,
Ineligible,
All Other ITC,
Availed ITC Integrated Tax,
Availed ITC Central Tax,
Availed ITC State/UT Tax,
Availed ITC Cess,
Is Nil Rated or Exempted,
Is Non GST,
ACC-SINV-RET-.YYYY.-,
E-Way Bill No.,
Is Consolidated,
Billing Address GSTIN,
Customer GSTIN,
GST Transporter ID,
Distance (in km),
Road,
Air,
Rail,
Ship,
GST Vehicle Type,
Over Dimensional Cargo (ODC),
Consumer,
Deemed Export,
Port Code,
 Shipping Bill Number,
Shipping Bill Date,
Subscription End Date,
Follow Calendar Months,
If this is checked subsequent new invoices will be created on calendar  month and quarter start dates irrespective of current invoice start date,
Generate New Invoices Past Due Date,
New invoices will be generated as per schedule even if current invoices are unpaid or past due date,
Document Type ,
Subscription Price Based On,
Fixed Rate,
Based On Price List,
Monthly Rate,
Cancel Subscription After Grace Period,
Source State,
Is Inter State,
Purchase Details,
Depreciation Posting Date,
"By default,
 choose the 'Naming Series' option.,
Configure the default Price List when creating a new Purchase transaction. Item prices will be fetched from this Price List.,
"If this option is configured 'Yes',
"If this option is configured 'Yes',
Quantity & Stock,
Call Details,
Authorised By,
Signee (Company),
Signed By (Company),
First Response Time,
Request For Quotation,
Opportunity Lost Reason Detail,
Access Token Secret,
Add to Topics,
...Adding Article to Topics,
Add Article to Topics,
This article is already added to the existing topics,
Add to Programs,
Programs,
...Adding Course to Programs,
Add Course to Programs,
This course is already added to the existing programs,
Learning Management System Settings,
Enable Learning Management System,
Learning Management System Title,
...Adding Quiz to Topics,
Add Quiz to Topics,
This quiz is already added to the existing topics,
Enable Admission Application,
EDU-ATT-.YYYY.-,
Marking attendance,
Add Guardians to Email Group,
Attendance Based On,
Check this to mark the student as present in case the student is not attending the institute to participate or represent the institute in any event.\n\n,
Add to Courses,
...Adding Topic to Courses,
Add Topic to Courses,
This topic is already added to the existing courses,
"If Shopify does not have a customer in the order,
The accounts are set by the system automatically but do confirm these defaults,
Default Round Off Account,
Failed Import Log,
Fixed Error Log,
Company {0} already exists. Continuing will overwrite the Company and Chart of Accounts,
Meta Data,
Unresolve,
Create Document,
Mark as unresolved,
TaxJar Settings,
Sandbox Mode,
Enable Tax Calculation,
Create TaxJar Transaction,
Credentials,
Live API Key,
Sandbox API Key,
Configuration,
Tax Account Head,
Shipping Account Head,
Practitioner Name,
Enter a name for the Clinical Procedure Template,
Set the Item Code which will be used for billing the Clinical Procedure.,
Select an Item Group for the Clinical Procedure Item.,
Clinical Procedure Rate,
Check this if the Clinical Procedure is billable and also set the rate.,
Check this if the Clinical Procedure utilises consumables. Click ,
 to know more,
"You can also set the Medical Department for the template. After saving the document,
Descriptive Test Result,
Allow Blank,
Descriptive Test Template,
"If you want to track Payroll and other HRMS operations for a Practitoner,
Set the Practitioner Schedule you just created. This will be used while booking appointments.,
Create a service item for Out Patient Consulting.,
"If this Healthcare Practitioner works for the In-Patient Department,
Set the Out Patient Consulting Charge for this Practitioner.,
"If this Healthcare Practitioner also works for the In-Patient Department,
"If checked,
Collect Registration Fee,
"If your Healthcare facility bills registrations of Patients,
Checking this will automatically create a Sales Invoice whenever an appointment is booked for a Patient.,
Healthcare Service Items,
"You can create a service item for Inpatient Visit Charge and set it here. Similarly,
Set up default Accounts for the Healthcare Facility,
"If you wish to override default accounts settings and configure the Income and Receivable accounts for Healthcare,
Out Patient SMS alerts,
"If you want to send SMS alert on Patient Registration,
Admission Order Details,
Admission Ordered For,
Expected Length of Stay,
Admission Service Unit Type,
Healthcare Practitioner (Primary),
Healthcare Practitioner (Secondary),
Admission Instruction,
Chief Complaint,
Medications,
Investigations,
Discharge Detials,
Discharge Ordered Date,
Discharge Instructions,
Follow Up Date,
Discharge Notes,
Processing Inpatient Discharge,
Processing Patient Admission,
Check-in time cannot be greater than the current time,
Process Transfer,
HLC-LAB-.YYYY.-,
Expected Result Date,
Expected Result Time,
Printed on,
Requesting Practitioner,
Requesting Department,
Employee (Lab Technician),
Lab Technician Name,
Lab Technician Designation,
Compound Test Result,
Organism Test Result,
Sensitivity Test Result,
Worksheet Print,
Worksheet Instructions,
Result Legend Print,
Print Position,
Both,
Result Legend,
Lab Tests,
No Lab Tests found for the Patient {0},
"Did not send SMS,
No Lab Tests created,
Creating Lab Tests...,
Lab Test Group Template,
Add New Line,
Secondary UOM,
"<b>Single</b>: Results which require only a single input.\n<br>\n<b>Compound</b>: Results which require multiple event inputs.\n<br>\n<b>Descriptive</b>: Tests which have multiple result components with manual result entry.\n<br>\n<b>Grouped</b>: Test templates which are a group of other test templates.\n<br>\n<b>No Result</b>: Tests with no results,
"If unchecked,
Description ,
Descriptive Test,
Group Tests,
Instructions to be printed on the worksheet,
"Information to help easily interpret the test report,
Normal Test Result,
Secondary UOM Result,
Italic,
Underline,
Organism,
Organism Test Item,
Colony Population,
Colony UOM,
Tobacco Consumption (Past),
Tobacco Consumption (Present),
Alcohol Consumption (Past),
Alcohol Consumption (Present),
Billing Item,
Medical Codes,
Clinical Procedures,
Order Admission,
Scheduling Patient Admission,
Order Discharge,
Sample Details,
Collected On,
No. of prints,
Number of prints required for labelling the samples,
HLC-VTS-.YYYY.-,
Payroll Cost Center,
Approvers,
The first Approver in the list will be set as the default Approver.,
Shift Request Approver,
Provident Fund Account,
MICR Code,
Repay unclaimed amount from salary,
Deduction from salary,
If this is not checked the loan by default will be considered as a Demand Loan,
This account is used for booking loan repayments from the borrower and also disbursing loans to the borrower,
This account is capital account which is used to allocate capital for loan disbursal account ,
This account will be used for booking loan interest accruals,
This account will be used for booking penalties levied due to delayed repayments,
Variant BOM,
Template Item,
Select template item,
Select variant item code for the template item {0},
Downtime Entry,
DT-,
Workstation / Machine,
Operator,
In Mins,
Downtime Reason,
Stop Reason,
Excessive machine set up time,
Unplanned machine maintenance,
On-machine press checks,
Machine operator errors,
Machine malfunction,
Electricity down,
Operation Row Number,
Operation {0} added multiple times in the work order {1},
"If ticked,
Backflush Raw Materials,
"The Stock Entry of type 'Manufacture' is known as backflush. Raw materials being consumed to manufacture finished goods is known as backflushing. <br><br> When creating Manufacture Entry,
Work In Progress Warehouse,
This Warehouse will be auto-updated in the Work In Progress Warehouse field of Work Orders.,
Finished Goods Warehouse,
This Warehouse will be auto-updated in the Target Warehouse field of Work Order.,
"If ticked,
Source Warehouses (Optional),
"System will pickup the materials from the selected warehouses. If not specified,
Lead Time,
PAN Details,
Create Customer,
Invoicing,
Enable Auto Invoicing,
Send Membership Acknowledgement,
Send Invoice with Email,
Membership Print Format,
Invoice Print Format,
Revoke <Key></Key>,
You can learn more about memberships in the manual. ,
ERPNext Docs,
Regenerate Webhook Secret,
Generate Webhook Secret,
Copy Webhook URL,
Linked Item,
Feedback By,
Manufacturing Section,
"By default,
Configure the default Price List when creating a new Sales transaction. Item prices will be fetched from this Price List.,
"If this option is configured 'Yes',
"If this option is configured 'Yes',
Default Warehouse for Sales Return,
Default In Transit Warehouse,
Enable Perpetual Inventory For Non Stock Items,
HRA Settings,
Basic Component,
HRA Component,
Arrear Component,
Please enter the company name to confirm,
Quotation Lost Reason Detail,
Enable Variants,
Save Quotations as Draft,
MAT-DN-RET-.YYYY.-,
Please Select a Customer,
Against Delivery Note Item,
Is Non GST ,
Image Description,
Transfer Status,
MAT-PR-RET-.YYYY.-,
Track this Purchase Receipt against any Project,
Please Select a Supplier,
Add to Transit,
Set Basic Rate Manually,
"By default,
Set a Default Warehouse for Inventory Transactions. This will be fetched into the Default Warehouse in the Item master.,
"This will allow stock items to be displayed in negative values. Using this option depends on your use case. With this option unchecked,
Choose between FIFO and Moving Average Valuation Methods. Click ,
 to know more about them.,
Show 'Scan Barcode' field above every child table to insert Items with ease.,
"Serial numbers for stock will be set automatically based on the Items entered based on first in first out in transactions like Purchase/Sales Invoices,
"If blank,
Service Level Agreement Details,
Service Level Agreement Status,
On Hold Since,
Total Hold Time,
Response Details,
Average Response Time,
User Resolution Time,
SLA is on hold since {0},
Pause SLA On Status,
Pause SLA On,
Greetings Section,
Greeting Title,
Greeting Subtitle,
Youtube ID,
Youtube Statistics,
Views,
Dislikes,
Video Settings,
Enable YouTube Tracking,
30 mins,
1 hr,
6 hrs,
Patient Progress,
Targetted,
Score Obtained,
Sessions,
Average Score,
Select Assessment Template,
 out of ,
Select Assessment Parameter,
Gender: ,
Contact: ,
Total Therapy Sessions: ,
Monthly Therapy Sessions: ,
Patient Profile,
Point Of Sale,
Email sent successfully.,
Search by invoice id or customer name,
Invoice Status,
Filter by invoice status,
Select item group,
No items found. Scan barcode again.,
"Search by customer name,
Enter discount percentage.,
Discount cannot be greater than 100%,
Enter customer's email,
Enter customer's phone number,
Customer contact updated successfully.,
Item will be removed since no serial / batch no selected.,
Discount (%),
You cannot submit the order without payment.,
You cannot submit empty order.,
To Be Paid,
Create POS Opening Entry,
Please add Mode of payments and opening balance details.,
Toggle Recent Orders,
Save as Draft,
You must add atleast one item to save it as draft.,
There was an error saving the document.,
You must select a customer before adding an item.,
Please Select a Company,
Active Leads,
Please Select a Company.,
BOM Operations Time,
BOM ID,
BOM Item Code,
Time (In Mins),
Sub-assembly BOM Count,
View Type,
Total Delivered Amount,
Downtime Analysis,
Machine,
Downtime (In Hours),
Employee Analytics,
"""From date"" can not be greater than or equal to ""To date""",
Exponential Smoothing Forecasting,
First Response Time for Issues,
First Response Time for Opportunity,
Depreciatied Amount,
Period Based On,
Date Based On,
{0} and {1} are mandatory,
Consider Accounting Dimensions,
Reserved Quantity for Production,
Projected Quantity,
 Total Sales Amount,
Job Card Summary,
Id,
Time Required (In Mins),
From Posting Date,
To Posting Date,
No records found,
Customer/Lead Name,
Production Planning Report,
Order Qty,
Raw Material Code,
Raw Material Name,
Allotted Qty,
Expected Arrival Date,
Arrival Quantity,
Raw Material Warehouse,
Order By,
Include Sub-assembly Raw Materials,
Program wise Fee Collection,
Fees Collected,
Project Summary,
Total Tasks,
Tasks Completed,
Tasks Overdue,
Completion,
Purchase Order Analysis,
From and To Dates are required.,
To Date cannot be before From Date.,
Qty to Bill,
Group by Purchase Order,
 Purchase Value,
Total Received Amount,
Quality Inspection Summary,
 Quoted Amount,
Lead Time (Days),
Include Expired,
Requested Items to Order and Receive,
Sales Order Analysis,
Amount Delivered,
Delay (in Days),
Group by Sales Order,
Sales Value,
Stock Qty vs Serial No Count,
Serial No Count,
Work Order Summary,
Produce Qty,
Lead Time (in mins),
Charts Based On,
YouTube Interactions,
Published Date,
Barnch,
Select a Company,
Opportunity {0} created,
Kindly select the company first,
Please enter From Date and To Date to generate JSON,
Download DATEV File,
Numero has not set in the XML file,
Inward Supplies(liable to reverse charge),
This is based on the course schedules of this Instructor,
Course and Assessment,
Course {0} has been added to all the selected programs successfully.,
Programs updated,
Program and Course,
{0} or {1} is mandatory,
Mandatory Fields,
Student {0}: {1} does not belong to Student Group {2},
Student Attendance record {0} already exists against the Student {1},
Course and Fee,
Not eligible for the admission in this program as per Date Of Birth,
Topic {0} has been added to all the selected courses successfully.,
Courses updated,
{0} {1} has been added to all the selected topics successfully.,
Topics updated,
Academic Term and Program,
Please remove this item and try to submit again or update the posting time.,
Failed to Authenticate the API key.,
Invalid Credentials,
URL can only be a string,
"Here is your webhook secret,
The payment for this membership is not paid. To generate invoice fill the payment details,
An invoice is already linked to this document,
No customer linked to member {},
You need to set <b>Debit Account</b> in Membership Settings,
You need to set <b>Default Company</b> for invoicing in Membership Settings,
You need to enable <b>Send Acknowledge Email</b> in Membership Settings,
Error creating membership entry for {0},
A customer is already linked to this Member,
End Date must not be lesser than Start Date,
Employee {0} already has Active Shift {1}: {2},
 from {0},
 to {0},
Please set {0} for the Employee or for Department: {1},
Employee Onboarding: {0} is already for Job Applicant: {1},
Asset Value Analytics,
Category-wise Asset Value,
Total Assets,
New Assets (This Year),
Row #{}: Depreciation Posting Date should not be equal to Available for Use Date.,
Incorrect Date,
Invalid Gross Purchase Amount,
There are active maintenance or repairs against the asset. You must complete all of them before cancelling the asset.,
% Complete,
Back to Course,
Finish Topic,
Mins,
by,
Back to,
Enrolling...,
You have successfully enrolled for the program ,
Enrolled,
Watch Intro,
We're here to help!,
Frequently Read Articles,
Please set a default company address,
{0} is not a valid state! Check for typos or enter the ISO code for your state.,
Error occured while parsing Chart of Accounts: Please make sure that no two accounts have the same name,
Plaid invalid request error,
Please check your Plaid client ID and secret values,
Bank transaction creation error,
Unit of Measurement,
Fiscal Year {0} Does Not Exist,
Row # {0}: Returned Item {1} does not exist in {2} {3},
Valuation type charges can not be marked as Inclusive,
You do not have permissions to {} items in a {}.,
Insufficient Permissions,
You are not allowed to update as per the conditions set in {} Workflow.,
Expense Account Missing,
{0} is not a valid Value for Attribute {1} of Item {2}.,
Invalid Value,
The value {0} is already assigned to an existing Item {1}.,
"To still proceed with editing this Attribute Value,
Edit Not Allowed,
Row #{0}: Item {1} is already fully received in Purchase Order {2},
You cannot create or cancel any accounting entries with in the closed Accounting Period {0},
POS Invoice should have {} field checked.,
Invalid Item,
Row #{}: You cannot add postive quantities in a return invoice. Please remove item {} to complete the return.,
The selected change account {} doesn't belongs to Company {}.,
Atleast one invoice has to be selected.,
Payment methods are mandatory. Please add at least one payment method.,
Please select a default mode of payment,
You can only select one mode of payment as default,
Missing Account,
Customers not selected.,
Statement of Accounts,
Ageing Report Based On ,
Please enter distributed cost center,
Total percentage allocation for distributed cost center should be equal to 100,
Cannot enable Distributed Cost Center for a Cost Center already allocated in another Distributed Cost Center,
Parent Cost Center cannot be added in Distributed Cost Center,
A Distributed Cost Center cannot be added in the Distributed Cost Center allocation table.,
Cost Center with enabled distributed cost center can not be converted to group,
Cost Center Already Allocated in a Distributed Cost Center cannot be converted to group,
Trial Period Start date cannot be after Subscription Start Date,
Subscription End Date must be after {0} as per the subscription plan,
Subscription End Date is mandatory to follow calendar months,
Row #{}: POS Invoice {} is not against customer {},
Row #{}: POS Invoice {} is not submitted yet,
Row #{}: POS Invoice {} has been {},
No Supplier found for Inter Company Transactions which represents company {0},
No Customer found for Inter Company Transactions which represents company {0},
Invalid Period,
Selected POS Opening Entry should be open.,
Invalid Opening Entry,
Please set a Company,
"Sorry,
"Sorry,
"Sorry,
For the 'Apply Rule On Other' condition the field {0} is mandatory,
{1} Not in Stock,
Only {0} in Stock for item {1},
Please enter a coupon code,
Please enter a valid coupon code,
Invalid Child Procedure,
Import Italian Supplier Invoice.,
"Valuation Rate for the Item {0},
 Here are the options to proceed:,
"If the item is transacting as a Zero Valuation Rate item in this entry,
"If not,
 performing either one below:,
Create an incoming stock transaction for the Item.,
Mention Valuation Rate in the Item master.,
Valuation Rate Missing,
Serial Nos Required,
Quantity Mismatch,
"Please Restock Items and Update the Pick List to continue. To discontinue,
Out of Stock,
{0} units of Item {1} is not available.,
Item for row {0} does not match Material Request,
Warehouse for row {0} does not match Material Request,
Accounting Entry for Service,
All items have already been Invoiced/Returned,
All these items have already been Invoiced/Returned,
Stock Reconciliations,
Merge not allowed,
The following deleted attributes exist in Variants but not in the Template. You can either delete the Variants or keep the attribute(s) in template.,
Variant Items,
Variant Attribute Error,
The serial no {0} does not belong to item {1},
There is no batch found against the {0}: {1},
Completed Operation,
Work Order Analysis,
Quality Inspection Analysis,
Pending Work Order,
Last Month Downtime Analysis,
Work Order Qty Analysis,
Job Card Analysis,
Monthly Total Work Orders,
Monthly Completed Work Orders,
Ongoing Job Cards,
Monthly Quality Inspections,
(Forecast),
Total Demand (Past Data),
Total Forecast (Past Data),
Total Forecast (Future Data),
Based On Document,
Based On Data ( in years ),
Smoothing Constant,
Please fill the Sales Orders table,
Sales Orders Required,
Please fill the Material Requests table,
Material Requests Required,
Items to Manufacture are required to pull the Raw Materials associated with it.,
Items Required,
Operation {0} does not belong to the work order {1},
Print UOM after Quantity,
Set default {0} account for perpetual inventory for non stock items,
Row #{0}: Child Item should not be a Product Bundle. Please remove Item {1} and Save,
Credit limit reached for customer {0},
Could not auto create Customer due to the following missing mandatory field(s):,
Please create Customer from Lead {0}.,
Mandatory Missing,
From Date can not be greater than To Date.,
Row #{0}: Please enter the result value for {1},
Mandatory Results,
Sales Invoice or Patient Encounter is required to create Lab Tests,
Insufficient Data,
Lab Test(s) {0} created successfully,
Test :,
Sample Collection {0} has been created,
Normal Range: ,
Row #{0}: Check Out datetime cannot be less than Check In datetime,
"Missing required details,
Unbilled Invoices,
Standard Selling Rate should be greater than zero.,
Conversion Factor is mandatory,
Row #{0}: Conversion Factor is mandatory,
Sample Quantity cannot be negative or 0,
Invalid Quantity,
"Please set defaults for Customer Group,
{0} on {1},
{0} with {1},
Appointment Confirmation Message Not Sent,
"SMS not sent,
Healthcare Service Unit Type cannot have both {0} and {1},
Healthcare Service Unit Type must allow atleast one among {0} and {1},
Set Response Time and Resolution Time for Priority {0} in row {1}.,
Response Time for {0} priority in row {1} can't be greater than Resolution Time.,
{0} is not enabled in {1},
Group by Material Request,
Email Sent to Supplier {0},
"The Access to Request for Quotation From Portal is Disabled. To Allow Access,
Supplier Quotation {0} Created,
Valid till Date cannot be before Transaction Date,
Unlink Advance Payment on Cancellation of Order,
"Simple Python Expression,
Sales Contributions and Incentives,
Sourced by Supplier,
Total weightage assigned should be 100%.<br>It is {0},
Account {0} exists in parent company {1}.,
"To overrule this,
Invalid condition expression,
Please Select a Company First,
Please Select Both Company and Party Type First,
Provide the invoice portion in percent,
Give number of days according to prior selection,
Email Details,
"Select a greeting for the receiver. E.g. Mr.,
Preview Email,
Please select a Supplier,
Supplier Lead Time (days),
"Home,
Exit Interview Held On,
Sets 'Target Warehouse' in each row of the Items table.,
Sets 'Source Warehouse' in each row of the Items table.,
POS Register,
"Can not filter based on POS Profile,
"Can not filter based on Customer,
"Can not filter based on Cashier,
Payment Method,
"Can not filter based on Payment Method,
Supplier Quotation Comparison,
Price per Unit (Stock UOM),
Group by Supplier,
Group by Item,
Remember to set {field_label}. It is required by {regulation}.,
Enrollment Date cannot be before the Start Date of the Academic Year {0},
Enrollment Date cannot be after the End Date of the Academic Term {0},
Enrollment Date cannot be before the Start Date of the Academic Term {0},
Future Posting Not Allowed,
"To enable Capital Work in Progress Accounting,
you must select Capital Work in Progress Account in accounts table,
You can also set default CWIP account in Company {},
The Request for Quotation can be accessed by clicking on the following button,
Please click on the following button to set your new password,
Update Password,
Row #{}: Selling rate for item {} is lower than its {}. Selling {} should be atleast {},
You can alternatively disable selling price validation in {} to bypass this validation.,
Invalid Selling Price,
Address needs to be linked to a Company. Please add a row for Company in the Links table.,
Company Not Linked,
Import Chart of Accounts from CSV / Excel files,
Completed Qty cannot be greater than 'Qty to Manufacture',
"Row {0}: For Supplier {1},
"If enabled,
Accounts Frozen Till Date,
Accounting entries are frozen up to this date. Nobody can create or modify entries except users with the role specified below,
Role Allowed to Set Frozen Accounts and Edit Frozen Entries,
Address used to determine Tax Category in transactions,
"The percentage you are allowed to bill more against the amount ordered. For example,
This role is allowed to submit transactions that exceed credit limits,
"If ""Months"" is selected,
"If this is unchecked,
Show Inclusive Tax in Print,
Percentage you are allowed to order beyond the Blanket Order quantity.,
Only select this if you have set up the Cash Flow Mapper documents,
Payment Channel,
Is Purchase Order Required for Purchase Invoice & Receipt Creation?,
Is Purchase Receipt Required for Purchase Invoice Creation?,
Maintain Same Rate Throughout the Purchase Cycle,
Allow Item To Be Added Multiple Times in a Transaction,
Suppliers,
Send Emails to Suppliers,
Select a Supplier,
Cannot mark attendance for future dates.,
Do you want to update attendance? <br> Present: {0} <br> Absent: {1},
Mpesa Settings,
Initiator Name,
Till Number,
Sandbox,
 Online PassKey,
Security Credential,
Get Account Balance,
Please set the initiator name and the security credential,
Inpatient Medication Entry,
HLC-IME-.YYYY.-,
Item Code (Drug),
Medication Orders,
Get Pending Medication Orders,
Inpatient Medication Orders,
Medication Warehouse,
Warehouse from where medication stock should be consumed,
Fetching Pending Medication Orders,
Inpatient Medication Entry Detail,
Medication Details,
Drug Code,
Drug Name,
Against Inpatient Medication Order,
Against Inpatient Medication Order Entry,
Inpatient Medication Order,
HLC-IMO-.YYYY.-,
Total Orders,
Completed Orders,
Add Medication Orders,
Adding Order Entries,
{0} medication orders completed,
{0} medication order completed,
Inpatient Medication Order Entry,
Is Order Completed,
Employee Records to Be Created By,
Employee records are created using the selected field,
Don't send employee birthday reminders,
Restrict Backdated Leave Applications,
Sequence ID,
Sequence Id,
Allow multiple material consumptions against a Work Order,
Plan time logs outside Workstation working hours,
Plan operations X days in advance,
Time Between Operations (Mins),
Default: 10 mins,
Overproduction for Sales and Work Order,
"Update BOM cost automatically via scheduler,
Purchase Order already created for all Sales Order items,
Select Items,
Against Default Supplier,
Auto close Opportunity after the no. of days mentioned above,
Is Sales Order Required for Sales Invoice & Delivery Note Creation?,
Is Delivery Note Required for Sales Invoice Creation?,
How often should Project and Company be updated based on Sales Transactions?,
Allow User to Edit Price List Rate in Transactions,
Allow Item to Be Added Multiple Times in a Transaction,
Allow Multiple Sales Orders Against a Customer's Purchase Order,
Validate Selling Price for Item Against Purchase Rate or Valuation Rate,
Hide Customer's Tax ID from Sales Transactions,
"The percentage you are allowed to receive or deliver more against the quantity ordered. For example,
Action If Quality Inspection Is Not Submitted,
Auto Insert Price List Rate If Missing,
Automatically Set Serial Nos Based on FIFO,
Set Qty in Transactions Based on Serial No Input,
Raise Material Request When Stock Reaches Re-order Level,
Notify by Email on Creation of Automatic Material Request,
Allow Material Transfer from Delivery Note to Sales Invoice,
Allow Material Transfer from Purchase Receipt to Purchase Invoice,
Freeze Stocks Older Than (Days),
Role Allowed to Edit Frozen Stock,
The unallocated amount of Payment Entry {0} is greater than the Bank Transaction's unallocated amount,
Payment Received,
Attendance cannot be marked outside of Academic Year {0},
Student is already enrolled via Course Enrollment {0},
Attendance cannot be marked for future dates.,
Please add programs to enable admission application.,
The following employees are currently still reporting to {0}:,
Please make sure the employees above report to another Active employee.,
Cannot Relieve Employee,
Please enter {0},
Please select another payment method. Mpesa does not support transactions in currency '{0}',
Transaction Error,
Mpesa Express Transaction Error,
"Issue detected with Mpesa configuration,
Mpesa Express Error,
Account Balance Processing Error,
Please check your configuration and try again,
Mpesa Account Balance Processing Error,
Balance Details,
Current Balance,
Available Balance,
Reserved Balance,
Uncleared Balance,
Payment related to {0} is not completed,
Row #{}: Item Code: {} is not available under warehouse {}.,
Row #{}: Stock quantity not enough for Item Code: {} under warehouse {}. Available quantity {}.,
Row #{}: Please select a serial no and batch against item: {} or remove it to complete transaction.,
Row #{}: No serial number selected against item: {}. Please select one or remove it to complete transaction.,
Row #{}: No batch selected against item: {}. Please select a batch or remove it to complete transaction.,
Payment amount cannot be less than or equal to 0,
Please enter the phone number first,
Row #{}: {} {} does not exist.,
Row #{0}: {1} is required to create the Opening {2} Invoices,
You had {} errors while creating opening invoices. Check {} for more details,
Error Occured,
Opening Invoice Creation In Progress,
Creating {} out of {} {},
(Serial No: {0}) cannot be consumed as it's reserverd to fullfill Sales Order {1}.,
Item {0} {1},
Last Stock Transaction for item {0} under warehouse {1} was on {2}.,
Stock Transactions for Item {0} under warehouse {1} cannot be posted before this time.,
Posting future stock transactions are not allowed due to Immutable Ledger,
A BOM with name {0} already exists for item {1}.,
{0}{1} Did you rename the item? Please contact Administrator / Tech support,
At row #{0}: the sequence id {1} cannot be less than previous row sequence id {2},
The {0} ({1}) must be equal to {2} ({3}),
"{0},
Cannot ensure delivery by Serial No as Item {0} is added with and without Ensure Delivery by Serial No.,
Item {0} has no Serial No. Only serilialized items can have delivery based on Serial No,
No active BOM found for item {0}. Delivery by Serial No cannot be ensured,
No pending medication orders found for selected criteria,
From Date cannot be after the current date.,
To Date cannot be after the current date.,
From Time cannot be after the current time.,
To Time cannot be after the current time.,
Stock Entry {0} created and ,
Inpatient Medication Orders updated successfully,
Row {0}: Cannot create Inpatient Medication Entry against cancelled Inpatient Medication Order {1},
Row {0}: This Medication Order is already marked as completed,
Quantity not available for {0} in warehouse {1},
Please enable Allow Negative Stock in Stock Settings or create Stock Entry to proceed.,
No Inpatient Record found against patient {0},
An Inpatient Medication Order {0} against Patient Encounter {1} already exists.,
Allow In Returns,
Hide Unavailable Items,
Apply Discount on Discounted Rate,
Therapy Plan Template,
Fetching Template Details,
Linked Item Details,
Therapy Types,
Therapy Plan Template Detail,
Non Conformance,
Process Owner,
Corrective Action,
Preventive Action,
Problem,
Responsible,
Completion By,
Process Owner Full Name,
Right Index,
Left Index,
Sub Procedure,
Passed,
Print Receipt,
Edit Receipt,
Focus on search input,
Focus on Item Group filter,
Checkout Order / Submit Order / New Order,
Add Order Discount,
Item Code: {0} is not available under warehouse {1}.,
Serial numbers unavailable for Item {0} under warehouse {1}. Please try changing warehouse.,
Fetched only {0} available serial numbers.,
Switch Between Payment Modes,
Enter {0} amount.,
You don't have enough points to redeem.,
You can redeem upto {0}.,
Enter amount to be redeemed.,
You cannot redeem more than {0}.,
Open Form View,
POS invoice {0} created succesfully,
Stock quantity not enough for Item Code: {0} under warehouse {1}. Available quantity {2}.,
Serial No: {0} has already been transacted into another POS Invoice.,
Balance Serial No,
Warehouse: {0} does not belong to {1},
Please select batches for batched item {0},
Please select quantity on row {0},
Please enter serial numbers for serialized item {0},
Batch {0} already selected.,
Please select a warehouse to get available quantities,
"For transfer from source,
Cannot find Item with this Barcode,
{0} is mandatory. Maybe Currency Exchange record is not created for {1} to {2},
{} has submitted assets linked to it. You need to cancel the assets to create purchase return.,
Cannot cancel this document as it is linked with submitted asset {0}. Please cancel it to continue.,
Row #{}: Serial No. {} has already been transacted into another POS Invoice. Please select valid serial no.,
Row #{}: Serial Nos. {} has already been transacted into another POS Invoice. Please select valid serial no.,
Item Unavailable,
Row #{}: Serial No {} cannot be returned since it was not transacted in original invoice {},
Please set default Cash or Bank account in Mode of Payment {},
Please set default Cash or Bank account in Mode of Payments {},
Please ensure {} account is a Balance Sheet account. You can change the parent account to a Balance Sheet account or select a different account.,
Please ensure {} account is a Payable account. Change the account type to Payable or select a different account.,
Row {}: Expense Head changed to {} ,
because account {} is not linked to warehouse {} ,
or it is not the default inventory account,
Expense Head Changed,
because expense is booked against this account in Purchase Receipt {},
as no Purchase Receipt is created against Item {}. ,
This is done to handle accounting for cases when Purchase Receipt is created after Purchase Invoice,
Purchase Order Required for item {},
To submit the invoice without purchase order please set {} ,
as {} in {},
Mandatory Purchase Order,
Purchase Receipt Required for item {},
To submit the invoice without purchase receipt please set {} ,
Mandatory Purchase Receipt,
POS Profile {} does not belongs to company {},
User {} is disabled. Please select valid user/cashier,
Row #{}: Original Invoice {} of return invoice {} is {}. ,
Original invoice should be consolidated before or along with the return invoice.,
You can add original invoice {} manually to proceed.,
Please ensure {} account is a Balance Sheet account. ,
You can change the parent account to a Balance Sheet account or select a different account.,
Please ensure {} account is a Receivable account. ,
Change the account type to Receivable or select a different account.,
{} can't be cancelled since the Loyalty Points earned has been redeemed. First cancel the {} No {},
already exists,
POS Closing Entry {} against {} between selected period,
POS Invoice is {},
POS Profile doesn't matches {},
POS Invoice is not {},
POS Invoice isn't created by user {},
Row #{}: {},
Invalid POS Invoices,
Please add the account to root level Company - {},
"While creating account for Child Company {0},
Account Not Found,
"While creating account for Child Company {0},
Please convert the parent account in corresponding child company to a group account.,
Invalid Parent Account,
"Renaming it is only allowed via parent company {0},
"If you {0} {1} quantities of the item {2},
"If you {0} {1} worth item {2},
"As the field {0} is enabled,
"As the field {0} is enabled,
Cannot deliver Serial No {0} of item {1} as it is reserved to fullfill Sales Order {2},
"Sales Order {0} has reservation for the item {1},
{0} Serial No {1} cannot be delivered,
Row {0}: Subcontracted Item is mandatory for the raw material {1},
"As there are sufficient raw materials,
" If you still want to proceed,
The item referenced by {0} - {1} is already invoiced,
Therapy Session overlaps with {0},
Therapy Sessions Overlapping,
Therapy Plans,
"Item Code,
Get Items from Material Requests against this Supplier,
Enable European Access,
Creating Purchase Order ...,
"Select a Supplier from the Default Suppliers of the items below. On selection,
Row #{}: You must select {} serial numbers for item {}.,
qty,
Qualified,
Unqualified,
Qualified By,
Qualified on,
Qualification Status,
Is Template,
Price List Defaults,
Auto Insert Item Price If Missing,
Update Existing Price List Rate,
Stock Transactions Settings,
Role Allowed to Over Deliver/Receive,
Let's Set Up the Assets Module.,
"Assets,
Review Fixed Asset Accounts,
Define Asset Category,
Create an Asset Item,
Purchase an Asset,
Add an Existing Asset,
Settings & Configurations,
Let's Set Up the Selling Module.,
"Products,
Let's Set Up the Buying Module.,
"Products,
Track Material Request,
Create first Purchase Order,
Opening & Closing,
Connections,
Items & Pricing,
Let's Set Up the Stock Module,
Set up your Warehouse,
Create a Product,
Create a Supplier,
Let's Set Up Your Accounts and Taxes.,
"Accounts,
Review Chart of Accounts,
Cost Centers for Budgeting and Analysis,
Create Your First Purchase Invoice ,
Updating Opening Balances,
Finansal Tablolar,
Let's Set Up the Stock Module.,
"Inventory,
Review Stock Settings,
Setup a Warehouse,
Warehouse wise Stock Value,
Manage Stock Movements,
Update Stock Opening Balance,
Check Stock Projected Qty,
Internal Supplier,
Supplier Primary Contact,
Supplier Primary Address,
Available Qty For Consumption,
Qty to Be Consumed,
Apply Putaway Rule,
Company Shipping Address,
Shipping Address Template,
Company Billing Address,
Subcontracting Settings,
Naming Series and Price Defaults,
Configure the action to stop the transaction or just warn if the same rate is not maintained.,
Bill for Rejected Quantity in Purchase Invoice,
"If checked,
Disable Last Purchase Rate,
Role Allowed to Override Stop Action,
"Review Stock Settings\n\nIn ERPNext,
Auto close Opportunity Replied after the no. of days mentioned above,
Carry Forward Communication and Comments,
All the Comments and Emails will be copied from one document to another newly created document(Lead -> Opportunity -> Quotation) throughout the CRM documents.,
Allow Continuous Material Consumption,
Allow material consumptions without immediately manufacturing finished goods against a Work Order,
Add Corrective Operation Cost in Finished Good Valuation,
Allow Excess Material Transfer,
Allow transferring raw materials even after the Required Quantity is fulfilled,
Make Serial No / Batch from Work Order,
System will automatically create the serial numbers / batch for the Finished Good on submission of work order,
"Custom Field,
Users with this role are allowed to over deliver/receive against orders above the allowance percentage,
Sales Partner Target Variance Based On Item Group,
Serial & Batch Item Settings,
Have Default Naming Series for Batch ID?,
Set Qty in Transactions Based on Serial No Input,
Disable Serial No And Batch Selector,
Create Custom Fields,
Custom Document Types,
Setup Naming Series,
Setup Approval Workflows,
Setup Limited Access for a User,
Items to Order and Receive,
Customize Print Formats,
Generate Custom Reports,
Partly Paid,
Partly Paid and Discounted,
Fixed Time,
Returns,
Leads,
Forecasting,
In Location,
Disposed,
Additional Info,
Prospect,
Workstation Type,
Work Order Consumed Materials,
Inventory Settings,
CRM Settings,
Operations & Materials,
Scrap & Process Loss,
Primary Contact,
Process Loss,
% Process Loss,
Contact Mobile,
Cost Center Allocation,
Cost Configuration,
Opportunity Owner,
Opportunity Value,
Opportunity Summary by Sales Stage,
From Opportunity,
Sales Pipeline Analytics,
Over Transfer Allowance,
Quality Inspection Settings,
Action If Quality Inspection Is Rejected,
Show Barcode Field in Stock Transactions,
Convert Item Description to Clean HTML in Transactions,
Operation time does not depend on quantity to produce,
Set Operating Cost Based On BOM Quantity,
Allow Lead Duplication based on Emails,
Close Replied Opportunity After Days,
Is Cash or Non Trade Discount,
Primary Address and Contact,
Auto Creation of Contact,
Control Historical Stock Transactions,
No stock transactions can be created or modified before this date.,
Role Allowed to Create/Edit Back-dated Transactions,
"If mentioned,
Stock transactions that are older than the mentioned days cannot be modified.,
"The percentage you are allowed to transfer more against the quantity ordered. For example,
Qty As Per BOM,
Distribute Manually,
Raw Materials Warehouse,
Get Raw Materials for Purchase,
Get Raw Materials for Transfer,
Production Plan Item Reference,
Include Safety Stock in Required Qty Calculation,
Calculate Product Bundle Price based on Child Item,
Customer Defaults,
Item Price Settings,
Standard Selling,
Terms Template,
Quotation Number,
Min Qty (As Per Stock UOM),
Max Qty (As Per Stock UOM),
Action If Same Rate is Not Maintained,
Calculate Product Bundle Price based on Child Items' Rates,
Transaction Settings,
Sales Update Frequency in Company and Project,
Allow Item to be Added Multiple Times in a Transaction,
Enable Discount Accounting for Selling,
"If enabled,
Setting the account as a Company Account is necessary for Bank Reconciliation,
Is Finished Item,
Is Scrap Item,
Is Rate Adjustment Entry (Debit Note),
Issue a debit note with 0 qty against an existing Sales Invoice,
"To use Google Indexing,
Show Net Values in Party Account,
Begin typing for results.,
Invoice Portion (%),
Discount Settings,
Payment Terms Status for Sales Order,
Assembly Items,
Materials & Operations,
Sub Assembly Items,
Sub Assembly Item Code,
Manufacturing Type,
Total Operation Time,
Time in mins.,
Plan to Request Qty,
Get Sub Assembly Items,
Please select Item Code in Assembly Items,
Consolidate Sub Assembly Items,
Item Reference,
Bank Reconciliation Tool,
Sales Order Reference,
Contact & Address,
FG Warehouse,
Tax Detail,
Other Info,
Transit Entry,
Show Remarks,
Stage,
Stock Planning,
Stock Closing,
Stock Validations,
Serial & Batch Item,
Picked Qty (in Stock UOM),
Inter Transfer Reference,
Update Rate as per Last Purchase,
Create Job Card based on Batch Size,
Is Corrective Operation,
Sub Operations,
Sales Order Status,
Order Status,
Terms & Conditions,
From Delivery Date,
To Delivery Date,
Probability,
BOM Info,
Closing,
Elements,
Operation Section,
Scrap Item Code,
Scrap Item Name,
FG Qty from Transferred Raw Materials,
Start Timer,
Overview,
Supplier Invoice,
Supplier Contact,
Returned Qty ,
Deal Owner,
Phone Ext.,
Annual Revenue,
No of Employees,
No. of Employees,
Prospect Owner,
Territory Wise Sales,
Amount Eligible for Commission,
Unit of Measure (UOM),
Grant Commission,
Minimum Net Rate,
Maximum Net Rate,
Allow Purchase,
Allow Sales,
Fetch Timesheet,
Dispatch Address Name,
Permission Manager,
Warehouse Wise Stock Balance,
Delayed Tasks Summary,
Rate of Stock UOM,
Provisional Expense Account,
Qty in Stock UOM,
Advance Taxes and Charges,
Taxes and Charges Template,
Default Provisional Account,
Default In-Transit Warehouse,
Unrealized Profit / Loss Account,
Received Qty in Stock UOM,
Accepted Qty in Stock UOM,
FG based Operating Cost,
Applying Discount,
Recurring Sales Order,
System Logs,
KSA VAT Setting,
KSA VAT Report,
UAE VAT 201,
Profile,
Busy,
Completed By,
Column {0},
Field Mapping,
Not Specified,
Update Type,
Fetching...,
"It seems that there is an issue with the server's stripe configuration. In case of failure,
Looks like someone sent you to an incomplete URL. Please ask them to look into it.,
Pay,
You can also copy-paste this link in your browser,
Invalid naming series (. missing) for {0},
Account SID,
WhatsApp,
Make a call,
Approve,
Reject,
Shortcuts,
Your Shortcuts,
Show Tour,
Chart Of Accounts,
Permitted Data Type,
Reports & Masters,
Masters & Reports,
"ERPNext sets up a simple chart of accounts for each Company you create,
Watch Tutorial,
"An individual who works and is recognized for his rights and duties in your company is your Employee. You can manage the Employee master. It captures the demographic,
Payroll,
Let's Set Up the Payroll Module.,
"Salary,
Create Salary Component,
Create Payroll Period,
Create Income Tax Slab,
Create Salary Structure,
Assign Salary Structure,
Create Salary Slip,
Payroll Settings,
Salary Register,
Salary Structure,
Show Income Tax Slab List,
Masters,
Patient Care Type,
Service Request,
Medication Request,
Inpatient,
Rehabilitation and Physiotherapy,
Experimental,
Intervention,
Preventive,
Diagnostic,
Diagnotics,
Diagnostic Report,
Observation,
Observation Template,
Service Units,
Nursing,
Nursing Task,
Healthcare Activity,
Nursing Checklist Template,
Terminology Mapping,
Code Value,
Code System,
Definition,
Treatment Plan Template,
Diagnosis Trends,
Diagnoses,
Symptoms,
Identification Number (UID),
Patient History Settings,
Department wise Patient Appointments,
In-Patient Status,
Clinical Procedures Status,
Let's Set Up the Healthcare Module.,
"Patients,
Create Patient,
Create Practitioner Schedule,
Introduction to Healthcare Practitioner,
Create Healthcare Practitioner,
Explore Healthcare Settings,
Explore Clinical Procedure Templates,
Show Hasta List,
Total Patients,
Total Patients Admitted,
Open Appointments,
Appointments To Bill,
Total Outgoing Bills,
Total Incoming Bills,
Total Incoming Payment,
Total Outgoing Payment,
{} Open,
{} Active,
{} Vacant,
{} Assigned,
{} Available,
{} Pending,
{} Unclaimed,
{} To Bill,
{} To Receive,
{} To Deliver,
{}  To Receive,
{}  To Deliver,
{}  Available,
Tax Masters,
Take a walk through Stock Settings,
Total Stock Value,
Total Warehouses,
Total Active Items,
Quick Access,
Learn Inventory Management,
Items Catalogue,
Get Started,
Visit LMS Portal,
Create a Course,
Setup a Home Page,
LMS Setting,
Documentation,
Video Tutorials,
Signups,
Enrollments,
Statistics,
Course Completed,
Evaluation,
{} Completed,
{} Enrolled,
{} Granted,
{} Passed,
{} Published,
Course,
Course Data,
Course Stats,
Lesson,
Evaluation Request,
Quiz Submission,
Let's begin your journey with ERPNext,
"Item,
Create an Item,
Create a new Item ,
Create a Customer,
Create Your First Sales Invoice ,
"Item is a product or a service offered by your company,
"# Create an Item\n\nItem is a product or a service offered by your company,
Check Stock Ledger,
Learn Project Management,
Users List,
No filters selected,
Partnership,
Proprietorship,
Internal Customer,
Allowed Items,
Party Specific Item,
Portal Users,
Customer Portal Users,
Show Title in Link Fields,
Translate Link Fields,
Learn Procurement,
Learn Sales Management,
Let’s walk-through few Buying Settings,
Let’s walk-through Selling Settings,
Allow Negative rates for Items,
Allow Sales Order Creation For Expired Quotation,
Don't Reserve Sales Order Qty on Sales Return,
Percentage you are allowed to sell beyond the Blanket Order quantity.,
Set Operating Cost / Scrape Items From Sub-assemblies,
"In the case of 'Use Multi-Level BOM' in a work order,
Create and send emails to a specific group of subscribers periodically.,
Enable Provisional Accounting For Non Stock Items,
Book Advance Payments in Separate Party Account,
Enabling this option will allow you to record - <br><br> 1. Advances Received in a <b>Liability Account</b> instead of the <b>Asset Account</b><br><br>2. Advances Paid in an <b>Asset Account</b> instead of the <b> Liability Account</b>,
# Buying Settings\n\n\nBuying module\u2019s features are highly configurable as per your business needs. Buying Settings is the place where you can set your preferences for:\n\n- Supplier naming and default values\n- Billing and shipping preference in buying transactions\n\n\n,
Create a new Item,
"# Create an Item\n\nItem is a product or a service offered by your company,
Exchange Rate Revaluation Settings,
Add Columns in Transaction Currency,
Ignore Exchange Rate Revaluation Journals,
Auto Create Exchange Rate Revaluation,
Fixed Asset Defaults,
Fixed Asset Accounts,
Asset Activity,
Asset Capitalization,
Learn Accounting,
Buying and Selling,
Buying & Selling Settings,
Ignore Closing Balance,
Purchase Value,
Manage,
Create a Reminder,
Remind Me In,
Remind At,
Delete Transactions,
Submit ERR Journals?,
Subcontracting Order,
Subcontracting Receipt,
Deferred Accounting,
Period Closing Entry For Current Period,
With Period Closing Entry For Opening Balances,
Show net values in opening and closing columns,
Total Asset,
Total Liability,
Total Equity,
Report View,
Growth View,
Margin View,
Select View,
Date Range,
Helpdesk,
Visit Helpdesk,
Helpdesk Configuration,
Ticket Configuration,
Ticket Type,
Support Policy,
Agent Configuration,
Agent,
Team,
Helpdesk Reports,
Ticket Analytics,
Ticket Summary,
Workflow,
Branding,
Misc,
SLAs,
Track SLA,
Allow Resetting SLA,
Öncelik,
Default priority,
Default ticket type,
Ticket type is mandatory,
Team Restrictions,
Restrict tickets by Team,
Suggest Articles in New TIcket Page,
Prefer knowledge base,
Skip e-mail workflow,
"This field is used to skip email-related workflows for tickets. If this field is checked,
Instantly send e-mail,
"This field is used to send an email instantly without adding it into the queue. If this field is checked,
Toasts,
Suppress default email toast,
Is setup complete,
Is name setup skipped,
Service Level Name,
enabled,
Assignment Conditions,
Default SLA,
"Simple Python Expression,
condition,
Response and Resolution,
Apply SLA for Resolution Time,
priorities,
Status Details,
SLA Fulfilled On,
SLA Paused On,
User Category,
Ignore Restrictions,
Do not apply filters and restrictions to agents of this team,
Channels,
Hiring vs Attrition Count,
Hiring Count,
Attrition Count,
Onboarding Activities,
Onboarding Begins On,
Round Name,
Interviewers,
Expected Skillset,
Expected Average Rating,
Department Wise Openings,
Let's Set Up the Human Resource Module.,
"Employee,
HR Settings,
HR Dashboard,
Recruitment Dashboard,
Employee Lifecycle Dashboard,
Attendance Dashboard,
Expense Claims Dashboard,
Leaves,
No leaves have been allocated.,
Dates & Reason,
Approval,
leave application,
Leave Application,
Compensatory Leave Request,
Employee Grade,
Create Holiday List,
Create Leave Type,
Create Leave Allocation,
Create Leave Application,
Monthly Attendance Sheet,
Recruitment Analytics,
Employee Advance Summary,
Employee Exits,
Travel Request,
Employees Working on a Holiday,
Daily Work Summary Replies,
Daily Work Summary Group,
Daily Work Summary,
Team Updates,
Attendance,
Attendance Request,
Employee Checkin,
Attendance Date,
Shift,
Shifts,
Late Entry,
Early Exit,
Present,
Absent,
On Leave,
Work From Home,
On Duty,
Include Holidays,
Note: Shift will not be overwritten in existing attendance records,
Explanation,
Company Details,
Administrative Assistant,
Business Analyst,
Chief Executive Officer,
Chief Financial Officer,
Chief Operating Officer,
Chief Technology Officer,
Customer Service Representative,
Executive Assistant,
Finance Manager,
Managing Director,
Marketing Manager,
Marketing Specialist,
President,
Product Manager,
Sales Representative,
Vice President,
Attendance & Leaves,
Joining,
Log Type,
Location / Device ID,
Skip Auto Attendance,
Cost to Company (CTC),
Salary Currency,
Passport Details,
I am looking for a job,
Profile Complete,
Education Details,
Institution Name,
Degree Type,
Field of Major/Study,
Work Experience Details,
Work Experience,
Hide my Private Information from others,
Private Information includes your Grade and Work Environment Preferences,
Volunteering or Internship,
I am currently working here,
Certification Details,
Certification Name,
Skill Details,
Skill,
Career Preference Details,
Preferred Functions,
Preferred Location,
Preferred Industries,
Dream Companies,
Work Environment,
Attire Preference,
Casual Wear,
Formal Wear,
Collaboration Preference,
collaboration,
Role Preference,
Clearly Defined Role,
Location Preference,
Travel,
Individual Work,
Team Work,
Both Individual and Team Work,
Unstructured Role,
Office close to Home,
Corporate Organization,
Startup Organization,
Time Preference,
Flexible Time,
Fixed 9-5,
Company Type,
BOM Creator,
Learn Manufacturing,
Plant Floor,
Floor Name,
Voucher Subtype,
Credit (Transaction),
Debit (Transaction),
Transaction Currency,
Sort Ascending,
Sort Descending,
Reset sorting,
Remove column,
Manual Inspection,
Reading Value,
Outgoing Salary,
Ledgers,
Financial Reports,
Salary Slip List,
Consider Rejected Warehouses,
Enable it if users want to consider rejected materials to dispatch.,
Scan Mode,
"If checked,
Group Same Items,
Prompt Qty,
Claims,
Shift & Attendance,
Shift Type,
Shift Assignment,
Shift Request,
Employee Attendance Tool,
Upload Attendance,
Shift Attendance,
Employee Hours Utilization Based On Timesheet,
Project Profitability,
Employees working on a holiday,
Expense Claim Type,
Additional Salary,
Purpose of Travel,
Personel Avansı Özeti,
Unpaid Expense Claim,
Vehicle Service Item,
Vehicle Log,
Expense Date,
Taxes & Charges,
Expense Taxes and Charges,
Sanctioned Amount,
Expenses & Advances,
Unclaimed Amount,
Employee Settings,
Employee Naming By,
Employee records are created using the selected option,
Standard Working Hours,
Retirement Age (In Years),
Reminders,
Work Anniversaries,
Work Anniversaries ,
Birthdays,
Set the frequency for holiday reminders,
Leave and Expense Claim Settings,
Send Leave Notification,
Leave Approval Notification Template,
Leave Status Notification Template,
Leave Approver Mandatory In Leave Application,
Restrict Backdated Leave Application,
Expense Approver Mandatory In Expense Claim,
Show Leaves Of All Department Members In Calendar,
Auto Leave Encashment,
Leave Allocation,
Leave Policy Assignment,
Leave Control Panel,
Leave Encashment,
Leave Type,
Leave Period,
Leave Policy,
Leave Type Name,
Maximum Leave Allocation Allowed,
Applicable After (Working Days),
Maximum Consecutive Leaves Allowed,
Attendance for the following dates will be skipped/overwritten on submission,
Attendance Warnings,
Action on Submission,
Existing Record,
Is Carry Forward,
Is Leave Without Pay,
Is Partially Paid Leave,
Is Optional Leave,
Consolidate Leave Types,
Aggregate a group of Items into another Item. This is useful if you are maintaining the stock of the packed items and not the bundled item,
"These leaves are holidays permitted by the company however,
Allow Negative Balance,
Allow Over Allocation,
Allows allocating more leaves than the number of days in the allocation period.,
Fraction of Daily Salary per Leave,
"For a day of leave taken,
Include holidays within leaves as leaves,
Please set a default Holiday List for Company {0},
Auto Create Subcontracting Order,
Auto Create Purchase Receipt,
Subcontracting Order (Draft) will be auto-created on submission of Purchase Order.,
Purchase Receipt (Draft) will be auto-created on submission of Subcontracting Receipt.,
Blanket Order Allowance (%),
Update frequency of Project,
Use Transaction Date Exchange Rate,
"While making Purchase Invoice from Purchase Order,
How often should Project be updated of Total Purchase Cost ?,
Delete Accounting and Stock Ledger Entries on deletion of Transaction,
Invoicing Features,
Enabling ensure each Purchase Invoice has a unique value in Supplier Invoice No. field,
Invoice Cancellation,
Learn about {0},
Automatically Fetch Payment Terms from Order,
Payment Terms from orders will be fetched into the invoices as is,
Enable Common Party Accounting,
Allow multi-currency invoices against single party account ,
Enabling this will allow creation of multi-currency invoices against single party account in company currency,
Show Taxes as Table in Print,
Payment Reconciliations,
Auto Reconcile Payments,
Book Tax Loss on Early Payment Discount,
Split Early Payment Discount Loss into Income and Tax Loss,
Round Tax Amount Row-wise,
Tax Amount will be rounded on a row(items) level,
Invoice and Billing,
Credit Limit Settings,
Role Allowed to Over Bill ,
Users with this role are allowed to over bill above the allowance percentage,
Role allowed to bypass Credit Limit,
POS Setting,
Create Ledger Entries for Change Amount,
"If enabled,
Tax Settings,
Asset Settings,
Accounts Closing,
Period Closing Settings,
Ignore Account Closing Balance,
Financial reports will be generated using GL Entry doctypes (should be enabled if Period Closing Voucher is not posted for all years sequentially or missing) ,
Show Balances in Chart Of Accounts,
Enable Automatic Party Matching,
Auto match and set the Party in Bank Transactions,
Remarks Column Length,
Truncates 'Remarks' column to set character length,
Accounts Receivable/Payable,
Journals,
Stock Movement,
Merge Similar Account Heads,
Rows with Same Account heads will be merged on Ledger,
Carry Forward,
Maximum Carry Forwarded Leaves,
Expire Carry Forwarded Leaves (Days),
Calculated in days,
Is Compensatory,
Encashment,
Allow Encashment,
Earned Leave,
Is Earned Leave,
Shift Settings,
Allow Multiple Shift Assignments for Same Date,
Hiring Settings,
Check Vacancies On Job Offer Creation,
Send Interview Reminder,
Send Interview Feedback Reminder,
Employee Exit Settings,
Exit Questionnaire Web Form,
Exit Questionnaire Notification Template,
Salary Component,
Income Tax Slab,
Payroll Period,
Salary Structure Assignment,
Payroll Reports,
Bank Remittance,
Salary Payments Based On Payment Mode,
Salary Payments via ECS,
Income Tax Computation,
Deduction Reports,
Income Tax Deductions,
Accounting Reports,
Employee Incentive,
Retention Bonus,
Transactions & Reports,
Salary Payout,
Tax & Benefits,
Benefits,
Employee Benefit Application,
Employee Benefit Claim,
Exemption,
Employee Tax Exemption Declaration,
Employee Tax Exemption Proof Submission,
Tax Setup,
Employee Tax Exemption Sub Category,
Onboarding,
Employee Onboarding Template,
Employee Onboarding,
Employee Skill Map,
Journey,
Employee Promotion,
Employee Transfer,
Grievance,
Grievance Type,
Employee Grievance,
Training,
Training Type,
Training Program,
Training Event,
Training Feedback,
Training Result,
Employee Separation Template,
Employee Separation,
Full and Final Settlement,
Exit Interview,
Separation Activities,
Separation Begins On,
Activity Name,
Questionnaire Email Sent,
Final Decision,
Employee Retained,
Exit Confirmed,
Reports To,
Notify users by email,
Exit Interview Summary,
Get Job Requisitions,
Staffing Plan,
Staffing Details,
Vacancies,
Estimated Cost Per Position,
Total Estimated Cost,
Number Of Positions,
Total Estimated Budget,
Jobs,
Job Requisition,
Job Opening,
Job Offer,
Employee Referral,
Interviews,
Interview Type,
Interview Round,
Interview,
Interview Feedback,
Appointment Letter Template,
Appointment Letter,
Appraisal,
Appraisal Overview,
Appraisal Cycle,
Employee Performance Feedback,
Employee Feedback Criteria,
Promotion,
Summarized View,
Trainings (This Week),
Interviews (This Week),
Exits (This Month),
New Hires (This Month),
Onboardings (This Month),
Separations (This Month),
Promotions (This Month),
Transfers (This Month),
Trainings (This Month),
Y-O-Y Transfers,
Y-O-Y Promotions,
Trainer Name,
Trainer Email,
Contact Number,
Event Name,
Event Status,
Has Certificate,
Attendees,
Employees,
Agent Name,
Do not restrict tickets without a Team,
New Lead (Last 1 Month),
New Opportuni̇ty (Last 1 Month),
Won Opportuni̇ty (Last 1 Month),
Open Opportuni̇ty,
Incoming Leads,
Opportunity Trends,
Won Opportunities,
Territory Wise Opportunity Count,
Opportunities via Campaigns,
Opportunity List,
Parent Document Type,
Nothing left to redo,
TRY,
June,
July,
Jan,
Feb,
Mar,
Apr,
May,
Jun,
Jul,
Aug,
Sep,
Oct,
Nov,
Dec,
Advance,
Advanced,
Reference No,
Card Links,
Edit Links,
Link Type,
Hidden,
Activity Duration,
Task DocType,
Acceptance for Terms and/or Policies,
Expected Time Required (In Mins),
Actual Time,
Delivery Note Packed Item,
Stock Reservation Entry,
Skip Available Sub Assembly Items,
Sub Assembly Warehouse,
Is Group Warehouse,
Is Rejected Warehouse,
Item cannot be added to its own descendants,
"If yes,
"By default,
Set a Default Warehouse for Inventory Transactions. This will be fetched into the Default Warehouse in the Item master.,
"If this checkbox is enabled,
"When a parent warehouse is chosen,
Transactions against the Company already exist! Chart of Accounts can only be imported for a Company with no transactions.,
Try the new Print Format Builder,
Consider Minimum Order Qty,
Ignore Available Stock,
"If enabled  the system will create material requests even if the stock exists in the 'Raw Materials Warehouse'.",
No {0} found with matching filters. Clear filters to see all {0}.,
Invalid date,
Setup Series for transactions,
Set Naming Series options on your transactions.,
Update Series Counter,
Amended Documents,
Workspace Manager,
Operation & Workstation,
Serial and Batch Bundle,
Delivery Term,
Proforma Date,
Price Description,
Shipping Description,
Is Shipping Included,
Is Tax Included,
HR & Payroll,
HR & Payroll Settings,
UnReconcile,
Sistem Notifications,
Quality Inspection(s),
Named Place,
VAT %20,
Disables auto-fetching of existing quantity,
Scan Mode,
Unreconcile Payment,
Unreconcile Payment Entries,
Job Card Scheduled Time,
Document Naming Settings,
Asset Depreciation Schedule,
Try a Naming Series,
Get a preview of generated names with a series.,
Default Amendment Naming,
Update Amendment Naming,
Default Naming,
Amend Counter,
 Address,
 Amount,
 Is Child Table,
 Name,
 Rate,
 Summary,
"""SN-01::10"" for ""SN-01"" to ""SN-10""",
# In Stock,
# Req'd Items,
% Finished Item Quantity,
% Occupied,
% Picked,
'Account' in the Accounting section of Customer {0},
'Allow Multiple Sales Orders Against a Customer's Purchase Order',
'Default {0} Account' in Company {1},
"'Inspection Required before Delivery' has disabled for the item {0},
"'Inspection Required before Purchase' has disabled for the item {0},
'To Package No.' cannot be less than 'From Package No.',
'{0}' account is already used by {1}. Use another account.,
'{0}' should be in company currency {1}.,
(A) Qty After Transaction,
(B) Expected Qty After Transaction,
(C) Total Qty in Queue,
(C) Total qty in queue,
(D) Balance Stock Value,
(E) Balance Stock Value in Queue,
(F) Change in Stock Value,
(G) Sum of Change in Stock Value,
(H) Change in Stock Value (FIFO Queue),
(H) Valuation Rate,
(I) Valuation Rate,
(J) Valuation Rate as per FIFO,
(K) Valuation = Value (D) ÷ Qty (A),
0-30 Days,
3 Yearly,
30-60 Days,
60-90 Days,
90 Above,
"<br>,
<h4>Note</h4>,
<ul>,
<li>,
You can use <a href=""https://jinja.palletsprojects.com/en/2.11.x/"" target=""_blank"">Jinja tags</a> in <b>Subject</b> and <b>Body</b> fields for dynamic values.,
</li><li>,
    All fields in this doctype are available under the <b>doc</b> object and all fields for the customer to whom the mail will go to is available under the  <b>customer</b> object.,
</li></ul>,
<h4> Examples</h4>,
<!-- {% raw %} -->,
<ul>,
    <li><b>Subject</b>:<br><br><pre><code>Statement Of Accounts for {{ customer.customer_name }}</code></pre><br></li>,
    <li><b>Body</b>: <br><br>,
<pre><code>Hello {{ customer.customer_name }},
</ul>,
<!-- {% endraw %} -->",
<h4>Not</h4>,
<ul>,
<li>,
Dinamik değerler için <b>Konu</b> ve <b>Gövde</b> alanlarında <a href=""https://jinja.palletsprojects.com/en/2.11.x/"" target=""_blank"">Jinja etiketlerini</a> kullanabilirsiniz.,
</li><li>,
    Bu belge türündeki tüm alanlar <b>belge</b> nesnesi altında ve postanın gideceği müşteriye ait tüm alanlar  <b>müşteri</b> nesnesi altında mevcuttur.,
</li></ul>,
<h4> Örnekler</h4>,
<!-- {% raw %} -->,
<ul>,
    <li><b>Konu</b>:<br><br><pre><code>Hesap Özeti {{ customer.customer_name }}</code></pre><br></li>,
    <li><b>Gövde</b>: <br><br>,
<pre><code>Merhaba {{ customer.customer_name }},
</ul>,
<!-- {% endraw %} -->",
"<div class=""columnHeading"">Other Details</div>",
"<div class=""text-muted text-center"">No Matching Bank Transactions Found</div>",
"<div>,
<h3> All dimensions in centimeter only </h3>,
</div>",
<h3> Tüm boyutlar sadece santimetre cinsindendir </h3>,
</div>",
"<h3>About Product Bundle</h3>,
,
<p>Aggregate group of <b>Items</b> into another <b>Item</b>. This is useful if you are bundling a certain <b>Items</b> into a package and you maintain stock of the packed <b>Items</b> and not the aggregate <b>Item</b>.</p>,
<p>The package <b>Item</b> will have <code>Is Stock Item</code> as <b>No</b> and <code>Is Sales Item</code> as <b>Yes</b>.</p>,
<h4>Example:</h4>,
<p>If you are selling Laptops and Backpacks separately and have a special price if the customer buys both,
,
<p>Bir grup <b>Ürünü</b> başka bir Üründe toplar. Bu,
<p>Paket <b>Ürünü</b> <code>Stok</code> Ürünü mü <b>Hayır</b> ve <code>Satış</code> Ürünü mü <b>Evet</b> olarak ayarlanacaktır.</p>,
<h4>Örnek:</h4>,
<p>Dizüstü Bilgisayarları ve Sırt Çantalarını ayrı ayrı satıyorsanız ve müşteri her ikisini de satın alırsa özel bir fiyatınız varsa,
"<h3>Currency Exchange Settings Help</h3>,
<p>There are 3 variables that could be used within the endpoint,
<p>Exchange rate between {from_currency} and {to_currency} on {transaction_date} is fetched by the API.</p>,
<p>Example: If your endpoint is exchange.com/2021-08-01,
<p>Son nokta,
<p> {transaction_date} tarihinde {from_currency} ile {to_currency} arasındaki döviz kuru API tarafından alınır.</p>,
<p>Örnek: Son noktanız exchange.com/2024-08-01 ise,
"<h4>Body Text and Closing Text Example</h4>,
,
<div>We have noticed that you have not yet paid invoice {{sales_invoice}} for {{frappe.db.get_value(""Currency"",
,
<h4>How to get fieldnames</h4>,
,
<p>The fieldnames you can use in your template are the fields in the document. You can find out the fields of any documents via Setup &gt; Customize Form View and selecting the document type (e.g. Sales Invoice)</p>,
,
<h4>Templating</h4>,
,
<p>Templates are compiled using the Jinja Templating Language. To learn more about Jinja,
,
<div> {{frappe.db.get_value(""Currency"",
,
<h4>Alan adları nasıl alınır</h4>,
,
<p>Şablonunuzda kullanabileceğiniz alan adları belgede yer alan alanlardır. Herhangi bir belgenin alanlarını Kurulum &gt; Form Görünümünü Özelleştir üzerinden ve belge türünü seçerek öğrenebilirsiniz (örn. Satış Faturası)</p>,
,
<h4>Şablonlama</h4>,
,
<p>Şablonlar Jinja Templating Language kullanılarak derlenir. Jinja hakkında daha fazla bilgi edinmek için <a class=""strong"" href=""http://jinja.pocoo.org/docs/dev/templates/"">bu belgeyi okuyun.</a></p>",
"<h4>Contract Template Example</h4>,
,
<pre>Contract for Customer {{ party_name }},
,
-Valid From : {{ start_date }},
-Valid To : {{ end_date }},
</pre>,
,
<h4>How to get fieldnames</h4>,
,
<p>The field names you can use in your Contract Template are the fields in the Contract for which you are creating the template. You can find out the fields of any documents via Setup &gt; Customize Form View and selecting the document type (e.g. Contract)</p>,
,
<h4>Templating</h4>,
,
<p>Templates are compiled using the Jinja Templating Language. To learn more about Jinja,
,
<pre>Müşteri için Sözleşme {{ party_name }},
,
-Geçerli Başlangıç : {{ start_date }},
-Geçerli Bitiş : {{ end_date }},
</pre>,
,
<h4>Alan adları nasıl alınır</h4>,
,
<p>Sözleşme Şablonunuzda kullanabileceğiniz alan adları,
,
<h4>Şablonlama</h4>,
,
<p>Şablonlar Jinja Templating Language kullanılarak derlenir. Jinja hakkında daha fazla bilgi edinmek için <a class=""strong"" href=""http://jinja.pocoo.org/docs/dev/templates/"">bu belgeyi okuyun</a>.</p>",
"<h4>Standard Terms and Conditions Example</h4>,
,
<pre>Delivery Terms for Order number {{ name }},
,
-Order Date : {{ transaction_date }},
-Expected Delivery Date : {{ delivery_date }},
</pre>,
,
<h4>How to get fieldnames</h4>,
,
<p>The fieldnames you can use in your email template are the fields in the document from which you are sending the email. You can find out the fields of any documents via Setup &gt; Customize Form View and selecting the document type (e.g. Sales Invoice)</p>,
,
<h4>Templating</h4>,
,
<p>Templates are compiled using the Jinja Templating Language. To learn more about Jinja,
,
<pre>Sipariş numarası için Teslimat Koşulları {{ name }},
,
-Sipariş Tarihi: {{ transaction_date }},
-Beklenen Teslimat Tarihi: {{ delivery_date }},
</pre>,
,
<h4>Alan adları nasıl alınır</h4>,
,
<p>E-posta şablonunuzda kullanabileceğiniz alan adları,
,
<h4>Şablonlama</h4>,
,
<p>Şablonlar Jinja Şablonlama Dili kullanılarak derlenir. Jinja hakkında daha fazla bilgi edinmek için <a class=""strong"" href=""http://jinja.pocoo.org/docs/dev/templates/"">bu dokümanı okuyun.</a></p>",
"<h5 class=""text-muted uppercase"">Or</h5>",
"<label class=""control-label"" style=""margin-bottom: 0px;"">Account Number Settings</label>",
"<label class=""control-label"" style=""margin-bottom: 0px;"">Amount In Words</label>",
"<label class=""control-label"" style=""margin-bottom: 0px;"">Date Settings</label>",
"<p>In your <b>Email Template</b>,
</p>,
<ul>,
        <li>,
            <code>{{ update_password_link }}</code>: A link where your supplier can set a new password to log into your portal.,
        </li>,
        <li>,
            <code>{{ portal_link }}</code>: A link to this RFQ in your supplier portal.,
        </li>,
        <li>,
            <code>{{ supplier_name }}</code>: The company name of your supplier.,
        </li>,
        <li>,
            <code>{{ contact.salutation }} {{ contact.last_name }}</code>: The contact person of your supplier.,
        </li><li>,
            <code>{{ user_fullname }}</code>: Your full name.,
        </li>,
    </ul>,
<p></p>,
<p>Apart from these,
</p>,
<ul>,
        <li>,
            <code>{{ update_password_link }}</code>: Tedarikçinizin portalınıza giriş yapmak için yeni bir şifre belirleyebileceği bir bağlantı.,
        </li>,
        <li>,
            <code>{{ portal_link }}</code>: Tedarikçi portalınızda bu Fiyat Teklifi Talebine yönlendiren bir bağlantı.,
        </li>,
        <li>,
            <code>{{ supplier_name }}</code>: Tedarikçinizin şirket adı.,
        </li>,
        <li>,
            <code>{{ contact.salutation }} {{ contact.last_name }}</code>: Tedarikçinizin iletişim kişisi.,
        </li><li>,
            <code>{{ user_fullname }}</code>: Tam adınız.,
        </li>,
    </ul>,
<p></p>,
<p>Bunların dışında,
"<pre><h5>Message Example</h5>,
,
&lt;p&gt; Thank You for being a part of {{ doc.company }}! We hope you are enjoying the service.&lt;/p&gt;,
,
&lt;p&gt; Please find enclosed the E Bill statement. The outstanding amount is {{ doc.grand_total }}.&lt;/p&gt;,
,
&lt;p&gt; We don't want you to be spending time running around in order to pay for your Bill.<br>After all,
,
&lt;a href=""{{ payment_url }}""&gt; click here to pay &lt;/a&gt;,
,
</pre>,
",
,
&lt;p&gt; {{ doc.company }}'in bir parçası olduğunuz için teşekkür ederiz! Hizmetten keyif aldığınızı umuyoruz.&lt;/p&gt;,
,
&lt;p&gt; E-Fatura ekstresini ekte bulabilirsiniz. Ödenmemiş tutar {{ doc.grand_total }}'dir.&lt;/p&gt;,
,
&lt;p&gt; Faturanızı ödemek için oradan oraya koşturarak zaman harcamanızı istemiyoruz.<br>Sonuçta,
,
&lt;a href=""{{ payment_url }}""&gt; ödeme yapmak için tıklayın &lt;/a&gt;,
,
</pre>,
",
"<pre><h5>Message Example</h5>,
,
&lt;p&gt;Dear {{ doc.contact_person }},
,
&lt;p&gt;Requesting payment for {{ doc.doctype }},
,
&lt;a href=""{{ payment_url }}""&gt; click here to pay &lt;/a&gt;,
,
</pre>,
",
,
&lt;p&gt;Sevgili {{ doc.contact_person }},
,
&lt;p&gt; {{ doc.doctype }},
,
&lt;a href=""{{ payment_url }}""&gt; ödemek için buraya tıklayın &lt;/a&gt;,
,
</pre>,
",
"<span class=""h4""><b>Masters &amp; Reports</b></span>",
"<span class=""h4""><b>Quick Access</b></span>",
"<span class=""h4""><b>Reports & Masters</b></span>",
"<span class=""h4""><b>Reports &amp; Masters</b></span>",
"<span class=""h4""><b>Settings</b></span>",
"<span class=""h4""><b>Shortcuts</b></span>",
"<span class=""h4""><b>Your Shortcuts,
,
,
,
,
,
		</b></span>",
,
,
,
,
,
		</b></span>",
"<span class=""h4""><b>Your Shortcuts</b></span>",
<strong>Grand Total:</strong> {0},
<strong>Outstanding Amount:</strong> {0},
"<table class=""table table-bordered table-condensed"">,
<thead>,
  <tr>,
         <th class=""table-sr"" style=""width: 50%;"">Child Document</th>,
         <th class=""table-sr"" style=""width: 50%;"">Non Child Document</th>,
   </tr>,
</thead>,
<tbody>,
<tr>,
         <td>,
                  <p> To access parent document field use parent.fieldname and to access child table document field use doc.fieldname </p>,
,
         </td>,
         <td>,
                    <p>To access document field use doc.fieldname </p>,
         </td>,
</tr>,
<tr>,
        <td>,
                   <p><b>Example: </b> parent.doctype == ""Stock Entry"" and doc.item_code == ""Test"" </p>,
,
        </td>,
         <td>,
                   <p><b>Example: </b> doc.doctype == ""Stock Entry"" and doc.purpose == ""Manufacture""</p>,
          </td>,
</tr>,
,
</tbody>,
</table>,
,
,
,
,
,
,
",
<thead>,
  <tr>,
         <th class=""table-sr"" style=""width: 50%;"">Çocuk Belgesi</th>,
         <th class=""table-sr"" style=""width: 50%;"">Çocuk Olmayan Belge</th>,
   </tr>,
</thead>,
<tbody>,
<tr>,
         <td>,
                  <p> Üst belge alanına erişmek için parent.fieldname ve alt tablo belge alanına erişmek için doc.fieldname kullanın </p>,
,
         </td>,
         <td>,
                    <p>Belge alanına erişmek için doc.fieldname kullanın </p>,
         </td>,
</tr>,
<tr>,
        <td>,
                   <p><b>Örnek: </b> parent.doctype == ""Stok Girişi"" ve doc.item_code == ""Test"" </p>,
,
        </td>,
         <td>,
                   <p><b>Örnek: </b> doc.doctype == ""Stok Girişi"" ve doc.purpose == ""Üretim""</p>,
          </td>,
</tr>,
,
</tbody>,
</table>,
,
,
,
,
,
,
",
A Holiday List can be added to exclude counting these days for the Workstation.,
A Packing Slip can only be created for Draft Delivery Note.,
"A Price List is a collection of Item Prices either Selling,
A Reconciliation Job {0} is running for the same filters. Cannot reconcile now,
A Transaction Deletion Document: {0} is triggered for {0},
A customer must have primary contact email.,
A driver must be set to submit.,
A template with tax category {0} already exists. Only one template is allowed with each tax category,
API Details,
AWB Number,
Abbreviation: {0} must appear only once,
About Us Settings,
About {0} minute remaining,
About {0} minutes remaining,
About {0} seconds remaining,
Acceptance Criteria Formula,
Acceptance Criteria Value,
Access Key,
Access Key is required for Service Provider: {0},
"According to the BOM {0},
Account Balance (From),
Account Balance (To),
Account Closing Balance,
Account Currency (From),
Account Currency (To),
Account Opening Balance,
Account not Found,
Account {0} added multiple times,
Accounting Dimension Filter,
Accounting Dimensions Filter,
Accounting Entry for {0},
Accounts Missing Error,
Accounts to Merge,
Action if Same Rate is Not Maintained Throughout Sales Cycle,
Active Status,
Actual Balance Qty,
Actual Expense,
Actual Posting,
Actual Qty in Warehouse,
Add Discount,
Add Items in the Purpose Table,
Add Lead to Prospect,
Add Local Holidays,
Add Manually,
Add Or Deduct,
Add Serial / Batch Bundle,
Add Serial / Batch No,
Add Serial / Batch No (Rejected Qty),
Add Stock,
Add Sub Assembly,
Add Template,
Add a Note,
Add details,
Add to Prospect,
Added By,
Added On,
Added Supplier Role to User {0}.,
Added {1} Role to User {0}.,
Adding Lead to Prospect...,
Additional,
Additional Asset Cost,
Additional Cost Per Qty,
Additional Data,
Address And Contacts,
Adjust Asset Value,
Adjustment Against,
Adjustment based on Purchase Invoice rate,
Advance Account: {0} must be in either customer billing currency: {1} or Company default currency: {2},
Advance Payment,
Advance Payment Date,
Advance Payment Ledger Entry,
Advance Reconciliation Takes Effect On,
Advance Tax,
Advance paid against {0} {1} cannot be greater than Grand Total {2},
Advance payments allocated against orders will only be fetched,
Affected Transactions,
Against Customer Order {0},
Against Supplier Invoice {0},
Against Voucher No,
Age ({0}),
Ageing Range,
Agent Busy Message,
Agent Group,
Agent Unavailable Message,
Algorithm,
All Activities,
All Activities HTML,
All Items,
All Sales Transactions can be tagged against multiple Sales Persons so that you can set and monitor targets.,
All allocations have been successfully reconciled,
All items have already been received,
All items in this document already have a linked Quality Inspection.,
"All the required items (raw materials) will be fetched from BOM and populated in this table. Here you can also change the Source Warehouse for any item. And during the production,
Allocate Payment Request,
Allocated Entries,
Allocated To:,
Allocations,
Allow,
Allow Alternative Item must be checked on Item {},
Allow Internal Transfers at Arm's Length Price,
Allow Or Restrict Dimension,
Allow Partial Reservation,
Allow User to Edit Discount,
Allow User to Edit Rate,
Allow Zero Rate,
Allow existing Serial No to be Manufactured/Received again,
Allow to Edit Stock UOM Qty for Purchase Documents,
Allow to Edit Stock UOM Qty for Sales Documents,
Allowed,
Allowed Dimension,
Allowed Doctypes,
Allowed primary roles are 'Customer' and 'Supplier'. Please select one of these roles only.,
Allows to keep aside a specific quantity of inventory for a particular order.,
Already Picked,
Alternative Items,
"Alternatively,
Amount (AED),
Amount in Account Currency,
Amount in party's bank account currency,
Amount in transaction currency,
Amounts,
An Item Group is a way to classify items based on types.,
An error has been appeared while reposting item valuation via {0},
"Another Cost Center Allocation record {0} applicable from {1},
Another Payment Request is already processed,
"Any one of following filters required: warehouse,
Applicable Dimension,
Applicable On Account,
Applied on each reading.,
Applied putaway rules.,
Applies To,
Apply Recursion Over (As Per Transaction UOM),
Apply TDS,
Apply Tax Withholding Amount ,
Apply restriction on dimension values,
Apply to All Inventory Documents,
Apply to Document,
Appointment Created Successfully,
Appointment Scheduling Disabled,
Appointment Scheduling has been disabled for this site,
Appointment was created. But no lead was found. Please check the email to confirm,
Approximately match the description/party name against parties,
Are you sure you want to clear all demo data?,
Are you sure you want to delete this Item?,
Are you sure you want to delete {0}?<p>This action will also delete all associated Common Code documents.</p>,
Are you sure you want to restart this subscription?,
As on Date,
"As there are existing submitted transactions against item {0},
"As there are negative stock,
"As there are reserved stock,
"As there are sufficient Sub Assembly Items,
"As {0} is enabled,
Asset Capitalization Asset Item,
Asset Capitalization Service Item,
Asset Capitalization Stock Item,
Asset Depreciation Details,
Asset Depreciation Schedule for Asset {0} and Finance Book {1} is not using shift based depreciation,
Asset Depreciation Schedule not found for Asset {0} and Finance Book {1},
Asset Depreciation Schedule {0} for Asset {1} already exists.,
Asset Depreciation Schedule {0} for Asset {1} and Finance Book {2} already exists.,
"Asset Depreciation Schedules created:<br>{0}<br><br>Please check,
Asset ID,
Asset Quantity,
Asset Repair Consumed Item,
Asset Shift Allocation,
Asset Shift Factor,
Asset Shift Factor {0} is set as default currently. Please change it first.,
Asset cancelled,
Asset capitalized after Asset Capitalization {0} was submitted,
Asset created,
Asset created after Asset Capitalization {0} was submitted,
Asset created after being split from Asset {0},
Asset deleted,
Asset issued to Employee {0},
Asset out of order due to Asset Repair {0},
Asset received at Location {0} and issued to Employee {1},
Asset restored,
Asset restored after Asset Capitalization {0} was cancelled,
Asset returned,
Asset scrapped,
Asset sold,
Asset submitted,
Asset transferred to Location {0},
Asset updated after being split into Asset {0},
Asset updated after cancellation of Asset Repair {0},
Asset updated after completion of Asset Repair {0},
Asset {0} cannot be received at a location and given to an employee in a single movement,
Asset {0} does not belong to Item {1},
Asset {0} does not exist,
Asset {0} has been created. Please set the depreciation details if any and submit it.,
Asset {0} has been updated. Please set the depreciation details if any and submit it.,
Asset's depreciation schedule updated after Asset Shift Allocation {0},
Asset's value adjusted after cancellation of Asset Value Adjustment {0},
Asset's value adjusted after submission of Asset Value Adjustment {0},
Assign Job to Employee,
Assignment,
At Row #{0}: The picked quantity {1} for the item {2} is greater than available stock {3} for the batch {4} in the warehouse {5}. Please restock the item.,
At Row #{0}: The picked quantity {1} for the item {2} is greater than available stock {3} in the warehouse {4}.,
At least one account with exchange gain or loss is required,
At row {0}: Batch No is mandatory for Item {1},
At row {0}: Parent Row No cannot be set for item {1},
At row {0}: Qty is mandatory for the batch {1},
At row {0}: Serial No is mandatory for Item {1},
At row {0}: Serial and Batch Bundle {1} has already created. Please remove the values from the serial no or batch no fields.,
At row {0}: set Parent Row No for item {1},
Attach CSV File,
Attribute value: {0} must appear only once,
Auto Create Serial and Batch Bundle For Outward,
Auto Created Serial and Batch Bundle,
Auto Email Report,
Auto Name,
Auto Reconcile,
Auto Reconciliation,
Auto Reconciliation Job Trigger,
Auto Reconciliation of Payments has been disabled. Enable it through {0},
Auto Reserve Serial and Batch Nos,
Auto Reserve Stock for Sales Order on Purchase,
Auto write off precision loss while consolidation,
Automatically Add Filtered Item To Cart,
Automatically post balancing accounting entry,
Available Batch Report,
Available Qty at Company,
Available Qty at Target Warehouse,
Available Qty to Reserve,
Average Completion,
Avg Rate,
Avg Rate (Balance Stock),
BFS,
BIN Qty,
BOM Created,
BOM Creator Item,
BOM Level,
BOM Tree,
BOM UoM,
BOM Update Batch,
BOM Update Initiated,
BOM Update Log,
BOM Update Tool Log with job status maintained,
BOM Updation already in progress. Please wait until {0} is complete.,
BOM Updation is queued and may take a few minutes. Check {0} for progress.,
BOM and Production,
BOM recursion: {1} cannot be parent or child of {0},
BOMs Updated,
BOMs created successfully,
BOMs creation failed,
"BOMs creation has been enqueued,
Balance Qty (Stock),
Balance Sheet Summary,
Balance Stock Value,
Bank Statement Import,
Bank Transaction {0} Matched,
Bank Transaction {0} added as Journal Entry,
Bank Transaction {0} added as Payment Entry,
Bank Transaction {0} is already fully reconciled,
Bank Transaction {0} updated,
Bank/Cash Account,
Bank/Cash Account {0} doesn't belong to company {1},
Base Amount,
Base Cost Per Unit,
Base Rate,
Base Tax Withholding Net Total,
Base Total,
Base Total Billable Amount,
Base Total Billed Amount,
Base Total Costing Amount,
Based On Value,
"Based on your HR Policy,
"Based on your HR Policy,
Batch Expiry Date,
Batch No is mandatory,
Batch No {0} does not exists,
Batch No {0} is linked with Item {1} which has serial no. Please scan serial no instead.,
"Batch No {0} is not present in the original {1} {2},
Batch No.,
Batch Nos,
Batch Nos are created successfully,
Batch Not Available for Return,
Batch Qty,
Batch and Serial No,
Batch not created for item {} since it does not have a batch series.,
Batch {0} and Warehouse,
Batch {0} is not available in warehouse {1},
Batchwise Valuation,
Beginning of the current subscription period,
Below Subscription Plans are of different currency to the party default billing currency/Company currency: {0},
Billed Items To Be Received,
"Billed,
Billing Address Details,
Billing Interval in Subscription Plan must be Month to follow calendar months,
Bisect Accounting Statements,
Bisect Left,
Bisect Nodes,
Bisect Right,
Bisecting From,
Bisecting Left ...,
Bisecting Right ...,
Bisecting To,
Bom No,
Book Advance Payments as Liability option is chosen. Paid From account changed from {0} to {1}.,
Book an appointment,
Booking stock value across multiple accounts will make it harder to track stock and account value.,
Books have been closed till the period ending on {0},
Both Payable Account: {0} and Advance Account: {1} must be of same currency for company: {2},
Both Receivable Account: {0} and Advance Account: {1} must be of same currency for company: {2},
Both {0} Account: {1} and Advance Account: {2} must be of same currency for company: {3},
Budget Exceeded,
Build All?,
Build Tree,
Buildable Qty,
Bulk Transaction Log,
Bulk Transaction Log Detail,
Bulk Update,
Bundle Items,
"By default,
Bypass credit check at Sales Order,
CC,
COGS By Item Group,
COGS Debit,
CRM Note,
Calculate daily depreciation using total days in depreciation period,
Call Again,
Call Ended,
Call Handling Schedule,
Call Received By,
Call Receiving Device,
Call Routing,
Call Schedule Row {0}: To time slot should always be ahead of From time slot.,
Call Type,
Callback,
Campaign Item,
Can not close Work Order. Since {0} Job Cards are in Work In Progress state.,
"Can not filter based on Child Account,
"Can't change the valuation method,
Can't disable batch wise valuation for active batches.,
Can't disable batch wise valuation for items with FIFO valuation method.,
Cannot Merge,
Cannot Resubmit Ledger entries for vouchers in Closed fiscal year.,
"Cannot amend {0} {1},
Cannot apply TDS against multiple parties in one entry,
Cannot cancel as processing of cancelled documents is pending.,
Cannot cancel the transaction. Reposting of item valuation on submission is not completed yet.,
Cannot change Reference Document Type.,
Cannot complete task {0} as its dependant task {1} are not completed / cancelled.,
Cannot convert Task to non-group because the following child Tasks exist: {0}.,
Cannot convert to Group because Account Type is selected.,
Cannot create Stock Reservation Entries for future dated Purchase Receipts.,
Cannot create a pick list for Sales Order {0} because it has reserved stock. Please unreserve the stock in order to create a pick list.,
Cannot create accounting entries against disabled accounts: {0},
Cannot delete Exchange Gain/Loss row,
Cannot disable batch wise valuation for FIFO valuation method.,
Cannot enqueue multi docs for one company. {0} is already queued/running for company: {1},
Cannot find a default warehouse for item {0}. Please set one in the Item Master or in Stock Settings.,
Cannot make any transactions until the deletion job is completed,
Cannot produce more item for {0},
Cannot produce more than {0} items for {1},
Cannot receive from customer against negative outstanding,
Cannot retrieve link token for update. Check Error Log for more information,
Cannot retrieve link token. Check Error Log for more information,
Cannot {0} from {1} without any negative outstanding invoice,
Canonical URI,
Capacity (Stock UOM),
Capacity in Stock UOM,
Capacity must be greater than 0,
Capitalization Method,
Capitalize Asset,
Capitalize Repair Cost,
Capitalized,
Carrier,
Carrier Service,
Category Details,
Caution: This might alter frozen accounts.,
Change in Stock Value,
Changed customer name to '{}' as '{}' already exists.,
Changes,
Charge of type 'Actual' in row {0} cannot be included in Item Rate or Paid Amount,
Checked On,
Checking this will round off the tax amount to the nearest integer,
Cheques and Deposits Incorrectly cleared,
Child Row Reference,
Choose a WIP composite asset,
Clear Demo Data,
Clear Notifications,
Clearing Demo Data...,
Click on 'Get Finished Goods for Manufacture' to fetch the items from the above Sales Orders. Items only for which a BOM is present will be fetched.,
Click on Add to Holidays. This will populate the holidays table with all the dates that fall on the selected weekly off. Repeat the process for populating the dates for all your weekly holidays,
Click on Get Sales Orders to fetch sales orders based on the above filters.,
Click to add email / phone,
Closed Work Order can not be stopped or Re-opened,
Closing Balance as per Bank Statement,
Closing Balance as per ERP,
Code List,
Columns are not according to template. Please compare the uploaded file with standard template,
Common Code,
Communication Channel,
Company Address Display,
Company Contact Person,
Company Tax ID,
Company and Posting Date is mandatory,
Company is mandatory,
Company is mandatory for generating an invoice. Please set a default company in Global Defaults.,
Company which internal customer represents,
Company which internal customer represents.,
Company which internal supplier represents,
Company {0} is added more than once,
Company {} does not exist yet. Taxes setup aborted.,
Company {} does not match with POS Profile Company {},
Competitor,
Competitor Detail,
Competitor Name,
Competitors,
Complete Job,
Complete Order,
Completed On,
Completed On cannot be greater than Today,
Completed Tasks,
Completed Time,
Completion Date can not be before Failure Date. Please adjust the dates accordingly.,
Conditional Rule,
Conditional Rule Examples,
Configure Product Assembly,
Consider Entire Party Ledger Amount,
Considered In Paid Amount,
Consolidate Sales Order Items,
Consumed Asset Total Value,
Consumed Assets,
Consumed Quantity,
Consumed Stock Items,
Consumed Stock Items or Consumed Asset Items are mandatory for creating new composite asset,
"Consumed Stock Items,
Consumed Stock Total Value,
Consumption Rate,
Contact Details,
Contact Us Settings,
Contacts,
Contract Template Help,
Contribution Qty,
Conversion factor for item {0} has been reset to 1.0 as the uom {1} is same as stock uom {2}.,
Convert to Group,
Convert to Item Based Reposting,
Convert to Ledger,
Core,
Corrective Job Card,
Corrective Operation,
Corrective Operation Cost,
Cost Center Allocation Percentage,
Cost Center Allocation Percentages,
Cost Center For Item with Item Code {0} has been Changed to {1},
"Cost Center is a part of Cost Center Allocation,
Cost Center with Allocation records can not be converted to a group,
Cost Center {0} cannot be used for allocation as it is used as main cost center in other allocation record.,
Cost Center {} doesn't belong to Company {},
Cost Center {} is a group cost center and group cost centers cannot be used in transactions,
Cost Per Unit,
Cost of Poor Quality Report,
Costing Details,
Could Not Delete Demo Data,
Could not auto update shifts. Shift with shift factor {0} needed.,
Could not detect the Company for updating Bank Accounts,
Could not find path for ,
Count,
Create Depreciation Entry,
Create Employee records.,
Create Grouped Asset,
Create Journal Entries,
Create Link,
Create Multi-level BOM,
Create New Customer,
Create Opportunity,
Create Prospect,
Create Reposting Entries,
Create Reposting Entry,
Create Stock Entry,
Create Workstation,
Create a new composite asset,
Create a variant with the template image.,
Create in Draft Status,
Create {0} {1} ?,
Created On,
Created {0} scorecards for {1} between:,
",
Creating Delivery Note ...,
Creating Journal Entries...,
Creating Packing Slip ...,
Creating Purchase Invoices ...,
Creating Purchase Receipt ...,
Creating Sales Invoices ...,
Creating Stock Entry,
Creating Subcontracting Order ...,
Creating Subcontracting Receipt ...,
Creating User...,
Creation,
Creation of <b><a href='/app/{0}'>{1}(s)</a></b> successful,
"Creation of {0} failed.,
				Check <b><a href=""/app/bulk-transaction-log"">Bulk Transaction Log</a></b>",
 <b><a href=""/app/bulk-transaction-log"">Toplu İşlem Günlüğünü Kontrol Edin</a></b>",
"Creation of {0} partially successful.,
				Check <b><a href=""/app/bulk-transaction-log"">Bulk Transaction Log</a></b>",
			 <b><a href=""/app/bulk-transaction-log"">Toplu İşlem Günlüğü</a></b> Kontrol Edin",
Credit Amount in Transaction Currency,
Credit Limit Crossed,
"Credit Note will update it's own outstanding amount,
Cron Interval should be between 1 and 59 Min,
Currency Exchange Settings Details,
Currency Exchange Settings Result,
Current Asset,
Current Index,
Current Level,
Current Liability,
Current Node,
Current Serial / Batch Bundle,
Custom,
Custom delimiters,
Customer ,
Customer / Item / Item Group,
Customer Group Item,
Customer Group: {0} does not exist,
Customer Item,
Customer Name: ,
Customer: ,
Daily Time to send,
Dashboard,
Data Based On,
Date ,
Date must be between {0} and {1},
Dates,
Days before the current subscription period,
DeLinked,
"Dear System Manager,
Debit Amount in Transaction Currency,
"Debit Note will update it's own outstanding amount,
Debit-Credit Mismatch,
Debit-Credit mismatch,
Default Advance Account,
Default Advance Paid Account,
Default Advance Received Account,
Default BOM not found for FG Item {0},
Default Common Code,
Default Discount Account,
Default Operating Cost Account,
Default Payment Discount Account,
Default Service Level Agreement for {0} already exists.,
Default Unit of Measure for Item {0} cannot be changed directly because you have already made some transaction(s) with another UOM. You need to either cancel the linked documents or create a new Item.,
Default settings for your stock-related transactions,
"Default tax templates for sales,
Deferred Accounting Defaults,
Deferred Revenue and Expense,
Deferred accounting failed for some invoices:,
Delay (In Days),
Delayed,
Delete Bins,
Delete Cancelled Ledger Entries,
Delete Dimension,
Delete Leads and Addresses,
Deleted Documents,
Deleting {0} and all associated Common Code documents...,
Deletion in Progress!,
Delimiter options,
Delivery Manager,
Delivery Note(s) created for the Pick List,
Delivery User,
Delivery to,
Demand,
Demo Company,
Demo data cleared,
Dependant SLE Voucher Detail No,
Dependent Task {0} is not a Template Task,
Deposit,
Depreciate based on daily pro-rata,
Depreciate based on shifts,
Depreciation Details,
Depreciation Entry Posting Status,
Depreciation Expense Account should be an Income or Expense Account.,
Depreciation Posting Date cannot be before Available-for-use Date,
Depreciation Row {0}: Depreciation Posting Date cannot be before Available-for-use Date,
Depreciation Schedule View,
Depreciation cannot be calculated for fully depreciated assets,
Description of Content,
Desk User,
Difference In,
Difference Posting Date,
Difference Qty,
Different 'Source Warehouse' and 'Target Warehouse' can be set for each row.,
Dimension Details,
Dimension Filter Help,
Dimension-wise Accounts Balance Report,
Dimensions,
Direct Expense,
Disabled Account Selected,
Disabled Warehouse {0} cannot be used for this transaction.,
Disabled pricing rules since this {} is an internal transfer,
Disabled tax included prices since this {} is an internal transfer,
Disassemble,
Disassemble Order,
Discount Account,
Discount Date,
Discount Validity,
Discount Validity Based On,
Discount cannot be greater than 100%.,
Discount of {} applied as per Payment Term,
Discounted Amount,
"Discounts to be applied in sequential ranges like buy 1 get 1,
Discrepancy between General and Payment Ledger,
Dispatch Address,
Distinct Item and Warehouse,
Distribute Additional Costs Based On ,
Do Not Explode,
Do Not Update Serial / Batch on Creation of Auto Bundle,
Do Not Use Batch-wise Valuation,
Do reposting for each Stock Transaction,
Do you still want to enable negative inventory?,
DocField,
DocTypes should not be added manually to the 'Excluded DocTypes' table. You are only allowed to remove entries from it.,
Document Type already used as a dimension,
Documents,
Documents Processed on each trigger. Queue Size should be between 5 and 100,
Documents: {0} have deferred revenue/expense enabled for them. Cannot repost.,
Domain Settings,
Don't Send Emails,
Dont Recompute tax,
Download Backups,
Download CSV Template,
Download PDF for Supplier,
Dunning Amount (Company Currency),
Dunning Level,
Duplicate Customer Group,
Duplicate Finance Book,
Duplicate Item Group,
Duplicate POS Invoices found,
Dynamic Condition,
Edit Capacity,
Edit Cart,
Edit Full Form,
Edit Note,
Editing {0} is not allowed as per POS Profile settings,
Either 'Selling' or 'Buying' must be selected,
Email / Notifications,
Email Address (required),
"Email Address must be unique,
Email Digest Recipient,
Email Digest: {0},
Email Domain,
Email Receipt,
Email or Phone/Mobile of the Contact are mandatory to continue.,
Email verification failed.,
Employee User Id,
Enable Allow Partial Reservation in the Stock Settings to reserve partial stock.,
Enable Fuzzy Matching,
Enable Health Monitor,
Enable Immutable Ledger,
Enable Stock Reservation,
Enable this checkbox even if you want to set the zero priority,
"Enable this option to calculate daily depreciation by considering the total number of days in the entire depreciation period,
Enable to apply SLA on every {0},
Enabling this ensures each Purchase Invoice has a unique value in Supplier Invoice No. field within a particular fiscal year,
Enabling this will change the way how cancelled transactions are handled.,
End Transit,
End of the current subscription period,
"Enter First and Last name of Employee,
Enter Manually,
Enter Serial Nos,
Enter Visit Details,
Enter a name for Routing.,
"Enter a name for the Operation,
Enter a name for this Holiday List.,
"Enter an Item Code,
Enter each serial no in a new line,
"Enter the Operation,
,
 After that,
,
 Bundan sonra,
Enter the opening stock units.,
Enter the quantity of the Item that will be manufactured from this Bill of Materials.,
Enter the quantity to manufacture. Raw material Items will be fetched only when this is set.,
Error during caller information update,
Error in party matching for Bank Transaction {0},
Error while posting depreciation entries,
Error while processing deferred accounting for {0},
Error while reposting item valuation,
"Error: This asset already has {0} depreciation periods booked.,
				The `depreciation start` date must be at least {1} periods after the `available for use` date.,
				Please correct the dates accordingly.",
				Amortisman başlangıç tarihi,
				Lütfen tarihleri buna göre düzeltin.",
Errors Notification,
Even invoices with apply tax withholding unchecked will be considered for checking cumulative threshold breach,
Event,
Example URL,
Example of a linked document: {0},
"Example: ABCD.#####,
If series is set and Serial No is not mentioned in transactions,
 Seri ayarlanmışsa ve işlemlerde Seri No belirtilmemişse,
Example: Serial No {0} reserved in {1}.,
Excess Materials Consumed,
Excess Transfer,
Exchange Gain / Loss,
Exchange Gain Or Loss,
Exchange Gain/Loss amount has been booked through {0},
Excluded DocTypes,
Exempt Supplies,
Expected,
Expected Balance Qty,
Expected End Date should be less than or equal to parent task's Expected End Date {0}.,
Expected Stock Value,
Expiry,
Export Data,
Export Errored Rows,
Export Import Log,
Extra Consumed Qty,
Extra Job Card Quantity,
FIFO Queue vs Qty After Transaction Comparison,
"FIFO Stock Queue (qty,
FIFO/LIFO Queue,
Failed Entries,
"Failed to erase demo data,
Failed to post depreciation entries,
Failed to setup defaults for country {0}. Please contact support.,
Failure,
Failure Description,
Fetch Based On,
Fetch Overdue Payments,
Fetch Value From,
Fetching Error,
Fetching exchange rates ...,
Filter,
Filter by Reference Date,
Filter on Invoice,
Filter on Payment,
Filters missing,
Final Product,
Financial Ratios,
Financial Year Begins On,
Finished Good BOM,
Finished Good Item,
Finished Good Item Qty,
Finished Good Item Quantity,
Finished Good Item is not specified for service item {0},
Finished Good Item {0} Qty can not be zero,
Finished Good Item {0} must be a sub-contracted item,
Finished Good Qty,
Finished Good Quantity ,
Finished Good UOM,
Finished Good {0} does not have a default BOM.,
Finished Good {0} is disabled.,
Finished Good {0} must be a stock item.,
Finished Good {0} must be a sub-contracted item.,
Finished Goods Based Operating Cost,
Finished Goods Item,
Finished Goods Reference,
Finished Goods Value,
Finished Goods based Operating Cost,
Finished Item {0} does not match with Work Order {1},
First Response Due,
First Response SLA Failed by {},
Floor,
For Item,
For Item {0} cannot be received more than {1} qty against the {2} {3},
For Job Card,
For Operation,
"For Return Invoices with Stock effect,
For Work Order,
For dunning fee and interest,
"For item {0},
For quantity {0} should not be greater than allowed quantity {1},
"For the item {0},
"For the {0},
"For the {0},
Force-Fetch Subscription Updates,
Forecast,
Formula Based Criteria,
Free Item Rate,
From Corrective Job Card,
From Date and To Date are mandatory,
From Date is mandatory,
From Date: {0} cannot be greater than To date: {1},
From Doctype,
From Due Date,
From Payment Date,
From Prospect,
From Reference Date,
From Voucher Detail No,
From Voucher No,
From Voucher Type,
From and To dates are required,
Full and Final Statement,
GL Balance,
GL Entry Processing Status,
GL reposting index,
Gain/Loss accumulated in foreign currency account. Accounts with '0' balance in either Base or Account currency,
Gain/Loss already booked,
Gain/Loss from Revaluation,
General Ledger,
General and Payment Ledger Comparison,
General and Payment Ledger mismatch,
Generate Demo Data for Exploration,
Generate E-Invoice,
Generate Invoice At,
Generated,
Generating Preview,
Get Allocations,
Get Customer Group Details,
Get Finished Goods for Manufacture,
Get Outstanding Orders,
Get Raw Materials Cost from Consumption Entry,
Get Scrap Items,
Get Stock,
Get Supplier Group Details,
Get Timesheets,
Get stops from,
Getting Scrap Items,
Give free item for every N quantity,
Go back,
Go to {0} List,
Goals,
Goods,
Greeting Message,
Gross Profit Percent,
Gross Purchase Amount Too Low: {0} cannot be depreciated over {1} cycles with a frequency of {2} depreciations.,
Gross Purchase Amount should be <b>equal</b> to purchase amount of one single Asset.,
Half-yearly,
Handle Employee Advances,
Has Alternative Item,
Has Item Scanned,
Has Priority,
Heatmap,
Height (cm),
"Hello,
Helps you distribute the Budget/Target across months if you have seasonality in your business.,
Here are the error logs for the aforementioned failed depreciation entries: {0},
Here are the options to proceed:,
"Here,
"Here,
"Hi,
Hide Images,
Holiday Date {0} added multiple times,
Hours Spent,
Idle,
"If <b>Enabled</b> - Reconciliation happens on the <b>Advance Payment posting date</b><br>,
If <b>Disabled</b> - Reconciliation happens on oldest of 2 Dates: <b>Invoice Date</b> or the <b>Advance Payment posting date</b><br>,
",
<b>Devre Dışı</b> Bırakılmışsa - Mutabakat,
",
"If an operation is divided into sub operations,
"If checked,
"If checked,
"If checked,
If enabled then system won't apply the pricing rule on the delivery note which will be create from the pick list,
If enabled then system won't override the picked qty / batches / serial numbers.,
"If enabled,
"If enabled,
"If enabled,
 / Batch Bundle. ",
 / Toplu Paket oluşturulması durumunda stok hareketlerindeki seri / toplu değerleri güncellemez. ",
"If enabled,
"If enabled,
"If enabled,
"If enabled,
"If enabled,
"If not,
"If rate is zero then item will be treated as ""Free Item""",
"If the BOM results in Scrap material,
"If the selected BOM has Operations mentioned in it,
"If there is no title column,
If this is undesirable please cancel the corresponding Payment Entry.,
"If you are maintaining stock of this Item in your Inventory,
"If you need to reconcile particular transactions against each other,
"If you still want to proceed,
"If you still want to proceed,
"If your CSV uses a different delimiter,
Ignore Default Payment Terms Template,
Ignore Empty Stock,
Ignore Pricing Rule is enabled. Cannot apply coupon code.,
Ignore System Generated Credit / Debit Notes,
Ignore Voucher Type filter and Select Vouchers Manually,
Impairment,
Import File,
Import File Errors and Warnings,
Import Genericode File,
Import Log Preview,
Import Preview,
Import Progress,
Import Type,
Import Using CSV file,
Import Warnings,
Import completed. {0} common codes created.,
Import from Google Sheets,
Importing Common Codes,
"Importing {0} of {1},
In House,
In Minutes,
In Party Currency,
In Transit Transfer,
In Transit Warehouse,
In mins,
"In row {0} of Appointment Booking Slots: ""To Time"" must be later than ""From Time"".",
"In this section,
Inactive Status,
Include Account Currency,
Include Closed Orders,
Include Default FB Assets,
Include Disabled,
Include Expired Batches,
Include Timesheets in Draft Status,
Include Zero Stock Items,
Incoming Call Handling Schedule,
Incoming Call Settings,
Incoming Rate (Costing),
Incorrect Balance Qty After Transaction,
Incorrect Batch Consumed,
Incorrect Check in (group) Warehouse for Reorder,
Incorrect Component Quantity,
Incorrect Invoice,
Incorrect Movement Purpose,
Incorrect Payment Type,
Incorrect Reference Document (Purchase Receipt Item),
Incorrect Serial No Valuation,
Incorrect Serial Number Consumed,
Incorrect Stock Value Report,
Incorrect Type of Transaction,
Incoterm,
Increase In Asset Life(Months),
Indent,
Indirect Expense,
Individual GL Entry cannot be cancelled.,
Individual Stock Ledger Entry cannot be cancelled.,
Initialize Summary Table,
Insert New Records,
Inspection Rejected,
Inspection Submission,
Instruction,
Insufficient Capacity,
Insufficient Stock for Batch,
Interest and/or dunning fee,
Internal Customer for company {0} already exists,
Internal Sale or Delivery Reference missing.,
Internal Sales Reference Missing,
Internal Supplier for company {0} already exists,
Internal Transfer Reference Missing,
Internal Transfers,
Internal transfers can only be done in company's default currency,
Interval should be between 1 to 59 MInutes,
Invalid,
Invalid Allocated Amount,
Invalid Amount,
Invalid Auto Repeat Date,
Invalid Cost Center,
Invalid Delivery Date,
Invalid Discount,
Invalid Document,
Invalid Document Type,
Invalid Formula,
Invalid Group By,
Invalid Item Defaults,
Invalid Ledger Entries,
Invalid Primary Role,
Invalid Priority,
Invalid Process Loss Configuration,
Invalid Purchase Invoice,
Invalid Qty,
Invalid Schedule,
Invalid Serial and Batch Bundle,
Invalid Warehouse,
Invalid result key. Response:,
Invalid value {0} for {1} against account {2},
Inventory Dimension,
Inventory Dimension Negative Stock,
Invoice Limit,
Invoiced Qty,
Invoices and Payments have been Fetched and Allocated,
Is Adjustment Entry,
Is Alternative,
Is Composite Asset,
Is Corrective Job Card,
Is Exchange Gain / Loss?,
Is Expandable,
Is Fully Depreciated,
Is Old Subcontracting Flow,
Is Outward,
Is Period Closing Voucher Entry,
Is Recursive,
Is Rejected,
Is Short/Long Year,
Is Standard,
Is Stock Item,
Is System Generated,
Is Tax Withholding Account,
Issue Analytics,
Issue Summary,
Issuing cannot be done to a location. Please enter employee to issue the Asset {0} to,
It can take upto few hours for accurate stock values to be visible after merging items.,
"It's not possible to distribute charges equally when total amount is zero,
Item Code (Final Product),
Item Group wise Discount,
"Item Price appears multiple times based on Price List,
Item Warehouse based reposting has been enabled.,
Item and Warehouse,
Item is removed since no serial / batch no selected.,
Item qty can not be updated as raw materials are already processed.,
Item rate has been updated to zero as Allow Zero Valuation Rate is checked for item {0},
Item valuation reposting in progress. Report might show incorrect item valuation.,
Item {0} cannot be added as a sub-assembly of itself,
Item {0} cannot be ordered more than {1} against Blanket Order {2}.,
Item {0} does not exist.,
Item {0} entered multiple times.,
Item {0} is already reserved/delivered against Sales Order {1}.,
Item {0} must be a Non-Stock Item,
Item {0} not found in 'Raw Materials Supplied' table in {1} {2},
Item {0} not found.,
Item {} does not exist.,
Items cannot be updated as Subcontracting Order is created against the Purchase Order {0}.,
Items rate has been updated to zero as Allow Zero Valuation Rate is checked for the following items: {0},
Items to Be Repost,
Items to Reserve,
Items {0} do not exist in the Item master.,
JAN,
Job Capacity,
Job Card Operation,
Job Card Scrap Item,
Job Card and Capacity Planning,
Job Cards,
Job Paused,
Job Worker,
Job Worker Address,
Job Worker Address Details,
Job Worker Contact,
Job Worker Delivery Note,
Job Worker Name,
Job Worker Warehouse,
Job: {0} has been triggered for processing failed transactions,
Journal Entries,
Journal Entry for Asset scrapping cannot be cancelled. Please restore the Asset.,
Journal Entry type should be set as Depreciation Entry for asset depreciation,
Journal entries have been created,
Key,
Kindly cancel the Manufacturing Entries first against the work order {0}.,
"Last Name,
Last transacted,
Lead -> Prospect,
Lead Conversion Time,
Lead Owner cannot be same as the Lead Email Address,
Lead {0} has been added to prospect {1}.,
Leaderboard,
"Learn about <a href=""https://docs.erpnext.com/docs/v13/user/manual/en/accounts/articles/common_party_accounting#:~:text=Common%20Party%20Accounting%20in%20ERPNext,
"Leave blank for home.,
This is relative to site URL,
Bu,
Ledger Health,
Ledger Health Monitor,
Ledger Health Monitor Company,
Ledger Merge,
Ledger Merge Accounts,
Left Child,
Legend,
Length,
Length (cm),
Level (BOM),
Limit timeslot for Stock Reposting,
Limits don't apply on,
Link a new bank account,
Link with Customer,
Link with Supplier,
Linked with submitted documents,
Linking Failed,
Linking to Customer Failed. Please try again.,
Linking to Supplier Failed. Please try again.,
Links,
Loading Invoices! Please Wait...,
Loading import file...,
Locked,
Log Entries,
Log the selling and buying rate of an Item,
Lost Quotations,
Lost Quotations %,
Lost Reasons are required in case opportunity is Lost.,
Lost Value,
Lost Value %,
Machine Type,
Main Cost Center,
Main Cost Center {0} cannot be entered in the child table,
Maintain Asset,
Maintenance Details,
Make ,
Make Asset Movement,
Make Quotation,
Make Return Entry,
Make {0} Variant,
Make {0} Variants,
Making Journal Entries against advance accounts: {0} is not recommended. These Journals won't be available for Reconciliation.,
Mandatory Accounting Dimension,
Mandatory Depends On,
Mandatory Field,
Mandatory Section,
Mapping Purchase Receipt ...,
Mapping Subcontracting Order ...,
Mapping {0} ...,
Mark As Closed,
Material Returned from WIP,
Material Transfer (In Transit),
Materials are already received against the {0} {1},
Materials needs to be transferred to the work in progress warehouse for the job card {0},
Maximum Payment Amount,
Maximum Value,
Maximum quantity scanned for item {0}.,
Meeting,
Mention if non-standard Receivable account,
Merge Invoices Based On,
Merge Progress,
Merge taxes from multiple documents,
Merged,
"Merging is only possible if following properties are same in both records. Is Group,
Merging {0} of {1},
Min Qty should be greater than Recurse Over Qty,
Minimum Payment Amount,
Minimum Value,
Mismatch,
Missing,
Missing Asset,
Missing Cost Center,
Missing Default in Company,
Missing Finance Book,
Missing Finished Good,
Missing Formula,
Missing Item,
Missing Items,
Missing Payments App,
Missing Serial No Bundle,
Missing value,
Modified By,
Modified On,
Module Settings,
Monitor for Last 'X' days,
More/Less than 12 months.,
Move Stock,
Move to Cart,
Movement,
Moving up in tree ...,
Multi-level BOM Creator,
Multiple Loyalty Programs found for Customer {}. Please select manually.,
Multiple Warehouse Accounts,
Multiple items cannot be marked as finished item,
Must be a publicly accessible Google Sheets URL and adding Bank Account column is necessary for importing via Google Sheets,
Net total calculation precision loss,
New Balance In Account Currency,
New Event,
New Note,
New Task,
New Version,
Newsletter,
No Answer,
No Customers found with selected options.,
No Items selected for transfer.,
No Matching Bank Transactions Found,
No Notes,
No Outstanding Invoices found for this party,
No POS Profile found. Please create a New POS Profile first,
No Records for these settings.,
No Serial / Batches are available for return,
No Stock Available Currently,
No Summary,
No Tax Withholding data found for the current posting date.,
No Terms,
No Unreconciled Invoices and Payments found for this party and account,
No Unreconciled Payments found for this party,
No Work Orders were created,
No additional fields available,
No billing email found for customer: {0},
No data found. Seems like you uploaded a blank file,
No employee was scheduled for call popup,
No failed logs,
No item available for transfer.,
No items are available in sales orders {0} for production,
No items are available in the sales order {0} for production,
No items in cart,
No matches occurred via auto reconciliation,
No more children on Left,
No more children on Right,
No of Docs,
No of Months (Expense),
No of Months (Revenue),
No open event,
No open task,
No outstanding {0} found for the {1} {2} which qualify the filters you have specified.,
No primary email found for customer: {0},
No recent transactions found,
No records found in Allocation table,
No records found in the Invoices table,
No records found in the Payments table,
No {0} Accounts found for this company.,
No.,
No. of parallel job cards which can be allowed on this workstation. Example: 2 would mean this workstation can process production for two Work Orders at a time.,
Note: Automatic log deletion only applies to logs of type <i>Update Cost</i>,
"Note: To merge the items,
Notes HTML,
Notification,
Notification Settings,
Notify Reposting Error to Role,
Number of Days,
Numeric,
Numeric Inspection,
Off,
Offsetting Account,
Offsetting for Accounting Dimension,
Oldest Of Invoice Or Advance,
On Paid Amount,
On This Date,
On Track,
On enabling this cancellation entries will be posted on the actual cancellation date and reports will consider cancelled entries as well,
"On expanding a row in the Items to Manufacture table,
"On submission of the stock transaction,
Once the Work Order is Closed. It can't be resumed.,
Only 'Payment Entries' made against this advance account are supported.,
Only CSV and Excel files can be used to for importing data. Please check the file format you are trying to upload,
Only Deduct Tax On Excess Amount ,
Only Include Allocated Payments,
Only Parent can be of type {0},
Only existing assets,
Only one {0} entry can be created against the Work Order {1},
"Only values between [0,
Ex: If allowance is set at 0.07,
Örn: Eğer ödenek 0.07 olarak ayarlanırsa,
Only {0} are supported,
Open Activities HTML,
Open Call Log,
Open Event,
Open Events,
Open Sales Orders,
Open Task,
Open Tasks,
Open Work Order {0},
Opening Accumulated Depreciation must be less than or equal to {0},
Opening Entry can not be created after Period Closing Voucher is created.,
"Opening Invoice has rounding adjustment of {0}.<br><br> '{1}' account is required to post these values. Please set it in Company: {2}.<br><br> Or,
Opening Number of Booked Depreciations,
Opening Purchase Invoices have been created.,
Opening Sales Invoices have been created.,
Operating Cost Per BOM Quantity,
Opportunity Amount (Company Currency),
Opportunity Source,
Opportunity Summary by Sales Stage ,
Order Date,
Order No,
Out of stock,
Over Picking Allowance,
Over Receipt,
Over Receipt/Delivery of {0} {1} ignored for item {2} because you have {3} role.,
Overbilling of {0} {1} ignored for item {2} because you have {3} role.,
Overbilling of {} ignored because you have {} role.,
Overdue Payment,
Overdue Payments,
Overdue Tasks,
PDF Name,
POS Closing Failed,
POS Closing failed while running in a background process. You can resolve the {0} and retry the process again.,
POS Invoice is already consolidated,
POS Invoice is not submitted,
POS Invoice should have the field {0} checked.,
POS Invoices will be consolidated in a background process,
POS Invoices will be unconsolidated in a background process,
POS Profile doesn't match {},
POS Profile {} contains Mode of Payment {}. Please remove them to disable this mode.,
POS Search Fields,
Package No(s) already in use. Try from Package No {0},
Packaging Slip From Delivery Note,
Packed Items cannot be transferred internally,
Packed Qty,
Page Break After Each SoA,
Paid Amount After Tax,
Paid Amount After Tax (Company Currency),
Paid From Account Type,
Paid To Account Type,
Pallets,
Parameter Group,
Parameter Group Name,
Parcel Template,
Parcel Template Name,
Parcel weight cannot be 0,
Parcels,
Parent Account Missing,
Parent Document,
Parent Item {0} must not be a Fixed Asset,
Parent Row No,
Parent Row No not found for {0},
Parent Task {0} is not a Template Task,
Parsing Error,
Partial Material Transferred,
Partial Stock Reservation,
Partial Success,
"Partial stock can be reserved. For example,
Partially Delivered,
Partially Reconciled,
Partially Reserved,
Party Account No. (Bank Statement),
Party Account {0} currency ({1}) and document currency ({2}) should be same,
Party IBAN (Bank Statement),
Party Item Code,
Party Link,
Party Name/Account Holder (Bank Statement),
Party Type and Party can only be set for Receivable / Payable account<br><br>{0},
Party Type and Party is required for Receivable / Payable account {0},
Party can only be one of {0},
Pause Job,
Paused,
Pay,
Payment Amount (Company Currency),
"Payment Entry {0} is linked against Order {1},
Payment Ledger,
Payment Ledger Balance,
Payment Ledger Entry,
Payment Limit,
Payment Reconciliation Allocation,
Payment Reconciliation Job: {0} is running for this party. Can't reconcile now.,
Payment Request Outstanding,
Payment Request created from Sales Order or Purchase Order will be in Draft status. When disabled document will be in unsaved state.,
Payment Request is already created,
Payment Request took too long to respond. Please try requesting for payment again.,
Payment Requests cannot be created against: {0},
Payment Term Outstanding,
Payment Unlink Error,
Payment of {0} received successfully.,
Payment of {0} received successfully. Waiting for other requests to complete...,
Payment request failed,
Payment term {0} not used in {1},
Pending processing,
Per Received,
Percentage (%),
Period Closed,
Period Details,
Period End Date cannot be greater than Fiscal Year End Date,
Period Start Date cannot be greater than Period End Date,
Period Start Date must be {0},
Period To Date,
Pick List Incomplete,
Pick Manually,
Pick Serial / Batch Based On,
Pick Serial / Batch No,
Pickup,
Pickup Contact Person,
Pickup Date,
Pickup Date cannot be before this day,
Pickup From,
Pickup To time should be greater than Pickup From time,
Pickup Type,
Pickup from,
Pipeline By,
Plaid Link Failed,
Plaid Link Refresh Required,
Plaid Link Updated,
Plant Dashboard,
Please Set Priority,
Please Specify Account,
Please add 'Supplier' role to user {0}.,
Please add Request for Quotation to the sidebar in Portal Settings.,
Please add Root Account for - {0},
Please add atleast one Serial No / Batch No,
Please add the Bank Account column,
Please add the account to root level Company - {0},
Please add {1} role to user {0}.,
Please adjust the qty or edit {0} to proceed.,
Please attach CSV file,
Please cancel and amend the Payment Entry,
Please cancel payment entry manually first,
Please cancel related transaction.,
Please check Process Deferred Accounting {0} and submit manually after resolving errors.,
Please check either with operations or FG Based Operating Cost.,
Please check the error message and take necessary actions to fix the error and then restart the reposting again.,
Please check your email to confirm the appointment,
Please contact any of the following users to extend the credit limits for {0}: {1},
Please contact any of the following users to {} this transaction.,
Please contact your administrator to extend the credit limits for {0}.,
Please create Landed Cost Vouchers against Invoices that have 'Update Stock' enabled.,
Please create a new Accounting Dimension if required.,
Please create purchase from internal sale or delivery document itself,
"Please delete Product Bundle {0},
Please do not book expense of multiple assets against one single Asset.,
Please enable Use Old Serial / Batch Fields to make_bundle,
Please enable only if the understand the effects of enabling this.,
Please enable {0} in the {1}.,
Please enable {} in {} to allow same item in multiple rows,
Please ensure that the {0} account is a Balance Sheet account. You can change the parent account to a Balance Sheet account or select a different account.,
Please ensure that the {0} account {1} is a Payable account. You can change the account type to Payable or select a different account.,
Please ensure {} account is a Balance Sheet account.,
Please ensure {} account {} is a Receivable account.,
Please enter Root Type for account- {0},
Please enter Serial Nos,
Please enter Shipment Parcel information,
Please enter Stock Items consumed during the Repair.,
Please enter mobile number first.,
Please enter quantity for item {0},
Please enter serial nos,
"Please first set Last Name,
Please fix overlapping time slots for {0},
Please fix overlapping time slots for {0}.,
Please import accounts against parent company or enable {} in company master.,
"Please keep one Applicable Charges,
Please make sure the file you are using has 'Parent Account' column present in the header.,
Please mention 'Weight UOM' along with Weight.,
Please mention '{0}' in Company: {1},
Please mention the Current and New BOM for replacement.,
Please rectify and try again.,
Please refresh or reset the Plaid linking of the Bank {}.,
Please save before proceeding.,
Please select Bank Account,
Please select Finished Good Item for Service Item {0},
Please select Serial/Batch Nos to reserve or change Reservation Based On to Qty.,
Please select Subcontracting Order instead of Purchase Order {0},
Please select Unrealized Profit / Loss account or add default Unrealized Profit / Loss account account for company {0},
Please select a Subcontracting Purchase Order.,
Please select a Warehouse,
Please select a Work Order first.,
Please select a country,
Please select a customer for fetching payments.,
Please select a date,
Please select a date and time,
Please select a row to create a Reposting Entry,
Please select a supplier for fetching payments.,
Please select a valid Purchase Order that has Service Items.,
Please select a valid Purchase Order that is configured for Subcontracting.,
Please select an item code before setting the warehouse.,
Please select either the Item or Warehouse or Warehouse Type filter to generate the report.,
Please select items,
Please select items to reserve.,
Please select items to unreserve.,
Please select only one row to create a Reposting Entry,
Please select rows to create Reposting Entries,
Please select the required filters,
Please select valid document type.,
Please set '{0}' in Company: {1},
Please set Account,
Please set Accounting Dimension {} in {},
Please set Email/Phone for the contact,
Please set Fiscal Code for the customer '%s',
Please set Fiscal Code for the public administration '%s',
Please set Fixed Asset Account in {} against {}.,
Please set Opening Number of Booked Depreciations,
Please set Parent Row No for item {0},
Please set Root Type,
Please set Tax ID for the customer '%s',
Please set VAT Accounts in {0},
"Please set Vat Accounts for Company: ""{0}"" in UAE VAT Settings",
Please set a Cost Center for the Asset or set an Asset Depreciation Cost Center for the Company {},
Please set an Address on the Company '%s',
Please set an Expense Account in the Items table,
Please set default Exchange Gain/Loss Account in Company {},
Please set default Expense Account in Company {0},
Please set default cost of goods sold account in company {0} for booking rounding gain and loss during stock transfer,
Please set either the Tax ID or Fiscal Code on Company '%s',
Please set filters,
Please set one of the following:,
Please set the cost center field in {0} or setup a default Cost Center for the Company.,
Please set {0} in BOM Creator {1},
Please set {0} in Company {1} to account for Exchange Gain / Loss,
"Please set {0} to {1},
Please setup and enable a group account with the Account Type - {0} for the company {1},
Please share this email with your support team so that they can find and fix the issue.,
Please try again in an hour.,
Please update Repair Status.,
Portal User,
Posting Datetime,
Powered by {0},
Preview Required Materials,
"Previous Year is not closed,
Price ({0}),
Price Per Unit ({0}),
Price is not set for the item.,
Primary Party,
Primary Role,
Print Format Builder,
Print Receipt on Order Complete,
Print Style,
Printing,
Priority cannot be lesser than 1.,
Priority is mandatory,
Process Loss Percentage cannot be greater than 100,
Process Loss Qty,
Process Loss Report,
Process Loss Value,
Process Payment Reconciliation,
Process Payment Reconciliation Log,
Process Payment Reconciliation Log Allocations,
Processed BOMs,
Processing Sales! Please Wait...,
Produced / Received Qty,
Product Price ID,
Production Plan Already Submitted,
Production Plan Qty,
Production Plan Sub Assembly Item,
Production Plan Sub-assembly Item,
Production Plan Summary,
Profit and Loss Summary,
Progress,
Progress (%),
Project Progress:,
Prospect Lead,
Prospect Opportunity,
Prospect {0} already exists,
Provisional Account,
Publisher,
Publisher ID,
Purchase Order Item reference is missing in Subcontracting Receipt {0},
Purchase Orders {0} are un-linked,
Purchase Receipt {0} created.,
Purchases,
Purposes Required,
Putaway Rule,
Putaway Rule already exists for Item {0} in Warehouse {1}.,
Qty ,
Qty (Company),
Qty (Warehouse),
Qty After Transaction,
Qty Change,
Qty In Stock,
Qty Per Unit,
"Qty To Manufacture ({0}) cannot be a fraction for the UOM {2}. To allow this,
Qty To Produce,
Qty Wise Chart,
Qty and Rate,
Qty as Per Stock UOM,
Qty for which recursion isn't applicable.,
Qty of Finished Goods Item should be greater than 0.,
Qty to Fetch,
Qty to Produce,
Quality Inspection Parameter,
Quality Inspection Parameter Group,
Quantity (A - B),
Quantity is required,
"Quantity must be greater than zero,
Quantity to Produce should be greater than zero.,
Quantity to Scan,
Quarter {0} {1},
Queue Size should be between 5 and 100,
Quoted Amount,
Rate Section,
Rate of Depreciation (%),
Ratios,
Raw Material Cost Per Qty,
Raw Material Item,
Raw Material Value,
Raw Materials Actions,
Reached Root,
Reason for hold:,
Rebuild Tree,
Rebuilding BTree for period ...,
Recalculate Incoming/Outgoing Rate,
Recalculating Purchase Cost against this Project...,
Receivable/Payable Account,
Receivable/Payable Account: {0} doesn't belong to company {1},
Received Amount After Tax,
Received Amount After Tax (Company Currency),
Received Amount cannot be greater than Paid Amount,
Recent Orders,
Recent Transactions,
Reconcile All Serial Nos / Batches,
Reconcile Effect On,
Reconcile on Advance Payment Date,
Reconcile the Bank Transaction,
Reconciled Entries,
Reconciliation Date,
Reconciliation Error Log,
Reconciliation Logs,
Reconciliation Progress,
Reconciliation Queue Size,
Reconciliation Takes Effect On,
Recoverable Standard Rated expenses should not be set when Reverse Charge Applicable is Y,
Recurse Every (As Per Transaction UOM),
Recurse Over Qty cannot be less than 0,
Recursive Discounts with Mixed condition is not supported by the system,
Reference Date for Early Payment Discount,
Reference Detail,
Reference DocType,
Reference Exchange Rate,
Reference number of the invoice from the previous system,
References to Sales Invoices are Incomplete,
References to Sales Orders are Incomplete,
References {0} of type {1} had no outstanding amount left before submitting the Payment Entry. Now they have a negative outstanding amount.,
Refresh Google Sheet,
Refresh Plaid Link,
"Regards,
Rejected ,
Rejected Serial and Batch Bundle,
Rejected Warehouse and Accepted Warehouse cannot be same.,
Remove Parent Row No in Items Table,
Removing rows without exchange gain or loss,
Repair,
Repair Asset,
Repair Details,
"Replace a particular BOM in all other BOMs where it is used. It will replace the old BOM link,
It also updates latest price in all the BOMs.",
Report Error,
Report Filters,
Repost Accounting Ledger,
Repost Accounting Ledger Items,
Repost Accounting Ledger Settings,
Repost Allowed Types,
Repost Error Log,
Repost Item Valuation,
Repost Payment Ledger,
Repost Payment Ledger Items,
Repost Status,
Repost has started in the background,
Repost in background,
Repost started in the background,
Reposting Completed {0}%,
Reposting Data File,
Reposting Info,
Reposting Progress,
Reposting entries created: {0},
Reposting has been started in the background.,
Reposting in the background.,
Represents a Financial Year. All accounting entries and other major transactions are tracked against the Fiscal Year.,
Request Parameters,
Request Timeout,
Reservation Based On,
Reserve,
Reserve Stock,
"Reserved Qty ({0}) cannot be a fraction. To allow this,
Reserved Qty for Production Plan,
Reserved Qty for Subcontract,
Reserved Qty should be greater than Delivered Qty.,
Reserved Serial No.,
Reserved Stock,
Reserved Stock for Batch,
Reserved for POS Transactions,
Reserved for Production,
Reserved for Production Plan,
Reserved for Sub Contracting,
Reserving Stock...,
Reset Company Default Values,
Reset Plaid Link,
Reset Raw Materials Table,
Resolution Due,
Restart,
Restore Asset,
Restrict,
Restrict Items Based On,
Result Key,
Resume Job,
Resume Timer,
Retried,
Retry,
Retry Failed Transactions,
Return Against,
Return Components,
Return Qty,
Return Qty from Rejected Warehouse,
Return of Components,
Returned,
Returned Against,
Returned Qty in Stock UOM,
Returned exchange rate is neither integer not float.,
Revaluation Journals,
Revaluation Surplus,
Revenue,
Reversal Of,
Right Child,
Root,
"Root Type for {0} must be one of the Asset,
Round Free Qty,
Round Off Tax Amount,
Round Off for Opening,
Rounding Loss Allowance,
Rounding Loss Allowance should be between 0 and 1,
Rounding gain/loss Entry for Stock Transfer,
Row #,
Row # {0}:,
Row # {0}: Please add Serial and Batch Bundle for Item {1},
Row #{0}: A reorder entry already exists for warehouse {1} with reorder type {2}.,
Row #{0}: Acceptance Criteria Formula is incorrect.,
Row #{0}: Acceptance Criteria Formula is required.,
Row #{0}: Accepted Warehouse and Rejected Warehouse cannot be same,
Row #{0}: Accepted Warehouse is mandatory for the accepted Item {1},
Row #{0}: Allocated Amount cannot be greater than Outstanding Amount of Payment Request {1},
Row #{0}: Allocated amount:{1} is greater than outstanding amount:{2} for Payment Term {3},
Row #{0}: Amount must be a positive number,
Row #{0}: BOM is not specified for subcontracting item {0},
Row #{0}: Batch No {1} is already selected.,
Row #{0}: Cannot allocate more than {1} against payment term {2},
Row #{0}: Cannot transfer more than Required Qty {1} for Item {2} against Job Card {3},
Row #{0}: Consumed Asset {1} cannot be Draft,
Row #{0}: Consumed Asset {1} cannot be cancelled,
Row #{0}: Consumed Asset {1} cannot be the same as the Target Asset,
Row #{0}: Consumed Asset {1} cannot be {2},
Row #{0}: Consumed Asset {1} does not belong to company {2},
Row #{0}: Cumulative threshold cannot be less than Single Transaction threshold,
Row #{0}: Dates overlapping with other row,
Row #{0}: Default BOM not found for FG Item {1},
Row #{0}: Expense Account not set for the Item {1}. {2},
Row #{0}: Finished Good Item Qty can not be zero,
Row #{0}: Finished Good Item is not specified for service item {1},
Row #{0}: Finished Good Item {1} must be a sub-contracted item,
Row #{0}: Finished Good reference is mandatory for Scrap Item {1}.,
Row #{0}: For {1} Clearance date {2} cannot be before Cheque Date {3},
"Row #{0}: For {1},
"Row #{0}: For {1},
Row #{0}: From Date cannot be before To Date,
Row #{0}: Item {1} does not exist,
"Row #{0}: Item {1} has been picked,
Row #{0}: Item {1} is not a service item,
Row #{0}: Item {1} is not a stock item,
Row #{0}: Only {1} available to reserve for the Item {2},
Row #{0}: Please select Item Code in Assembly Items,
Row #{0}: Please select the BOM No in Assembly Items,
Row #{0}: Please select the Sub Assembly Warehouse,
Row #{0}: Please update deferred revenue/expense account in item row or default account in company master,
Row #{0}: Qty increased by {1},
Row #{0}: Qty must be a positive number,
Row #{0}: Qty should be less than or equal to Available Qty to Reserve (Actual Qty - Reserved Qty) {1} for Iem {2} against Batch {3} in Warehouse {4}.,
Row #{0}: Quality Inspection is required for Item {1},
Row #{0}: Quality Inspection {1} is not submitted for the item: {2},
Row #{0}: Quality Inspection {1} was rejected for item {2},
Row #{0}: Quantity to reserve for the Item {1} should be greater than 0.,
Row #{0}: Rate must be same as {1}: {2} ({3} / {4}),
Row #{0}: Received Qty must be equal to Accepted + Rejected Qty for Item {1},
Row #{0}: Rejected Qty cannot be set for Scrap Item {1}.,
Row #{0}: Rejected Warehouse is mandatory for the rejected Item {1},
Row #{0}: Scrap Item Qty cannot be zero,
"Row #{0}: Selling rate for item {1} is lower than its {2}.,
					Selling {3} should be atleast {4}.<br><br>Alternatively,
					you can disable selling price validation in {5} to bypass,
					this validation.",
					Satış {3} en az {4} olmalıdır.<br><br>Alternatif olarak,
					bu doğrulamayı,
					atlamak için {5} içinde satış fiyatı doğrulamasını devre dışı bırakabilirsiniz.",
Row #{0}: Serial No {1} for Item {2} is not available in {3} {4} or might be reserved in another {5}.,
Row #{0}: Serial No {1} is already selected.,
Row #{0}: Start Time and End Time are required,
Row #{0}: Start Time must be before End Time,
Row #{0}: Status is mandatory,
Row #{0}: Stock cannot be reserved for Item {1} against a disabled Batch {2}.,
Row #{0}: Stock cannot be reserved for a non-stock Item {1},
Row #{0}: Stock cannot be reserved in group warehouse {1}.,
Row #{0}: Stock is already reserved for the Item {1}.,
Row #{0}: Stock is reserved for item {1} in warehouse {2}.,
Row #{0}: Stock not available to reserve for Item {1} against Batch {2} in Warehouse {3}.,
Row #{0}: Stock not available to reserve for the Item {1} in Warehouse {2}.,
Row #{0}: The warehouse {1} is not a child warehouse of a group warehouse {2},
Row #{0}: You cannot use the inventory dimension '{1}' in Stock Reconciliation to modify the quantity or valuation rate. Stock reconciliation with inventory dimensions is intended solely for performing opening entries.,
Row #{0}: You must select an Asset for Item {1}.,
Row #{0}: {1} is not a valid reading field. Please refer to the field description.,
Row #{0}: {1} of {2} should be {3}. Please update the {1} or select a different account.,
Row #{1}: Warehouse is mandatory for stock Item {0},
Row #{}: Finance Book should not be empty since you're using multiple.,
Row #{}: Please use a different Finance Book.,
Row #{}: The original Invoice {} of return invoice {} is not consolidated.,
Row #{}: item {} has been picked already.,
Row #{}: {} {} doesn't belong to Company {}. Please select valid {}.,
Row No {0}: Warehouse is required. Please set a Default Warehouse for Item {1} and Company {2},
Row Number,
Row {0},
"Row {0} picked quantity is less than the required quantity,
Row {0}# Item {1} cannot be transferred more than {2} against {3} {4},
Row {0}# Item {1} not found in 'Raw Materials Supplied' table in {2} {3},
Row {0}: Accepted Qty and Rejected Qty can't be zero at the same time.,
Row {0}: Account {1} and Party Type {2} have different account types,
Row {0}: Allocated amount {1} must be less than or equal to invoice outstanding amount {2},
Row {0}: Allocated amount {1} must be less than or equal to remaining payment amount {2},
"Row {0}: As {1} is enabled,
Row {0}: Both Debit and Credit values cannot be zero,
Row {0}: Cost Center {1} does not belong to Company {2},
Row {0}: Either Delivery Note Item or Packed Item reference is mandatory.,
Row {0}: Expense Head changed to {1} as no Purchase Receipt is created against Item {2}.,
Row {0}: Expense Head changed to {1} because account {2} is not linked to warehouse {3} or it is not the default inventory account,
Row {0}: Expense Head changed to {1} because expense is booked against this account in Purchase Receipt {2},
Row {0}: From Warehouse is mandatory for internal transfers,
Row {0}: Item Tax template updated as per validity and rate applied,
Row {0}: Item rate has been updated as per valuation rate since its an internal stock transfer,
Row {0}: Item {1} must be a stock item.,
Row {0}: Item {1} must be a subcontracted item.,
Row {0}: Item {1}'s quantity cannot be higher than the available quantity.,
Row {0}: Packed Qty must be equal to {1} Qty.,
Row {0}: Packing Slip is already created for Item {1}.,
Row {0}: Payment Term is mandatory,
Row {0}: Please provide a valid Delivery Note Item or Packed Item reference.,
Row {0}: Please select a BOM for Item {1}.,
Row {0}: Please select an active BOM for Item {1}.,
Row {0}: Please select an valid BOM for Item {1}.,
Row {0}: Project must be same as the one set in the Timesheet: {1}.,
Row {0}: Purchase Invoice {1} has no stock impact.,
Row {0}: Qty cannot be greater than {1} for the Item {2}.,
Row {0}: Qty in Stock UOM can not be zero.,
Row {0}: Qty must be greater than 0.,
Row {0}: Quantity cannot be negative.,
Row {0}: Shift cannot be changed since the depreciation has already been processed,
Row {0}: Target Warehouse is mandatory for internal transfers,
"Row {0}: To set {1} periodicity,
Row {0}: Total Number of Depreciations cannot be less than or equal to Opening Number of Booked Depreciations,
Row {0}: Workstation or Workstation Type is mandatory for an operation {1},
Row {0}: {1} account already applied for Accounting Dimension {2},
Row {0}: {2} Item {1} does not exist in {2} {3},
Rows: {0} have 'Payment Entry' as reference_type. This should not be set manually.,
Rows: {0} in {1} section are Invalid. Reference Name should point to a valid Payment Entry or Journal Entry.,
Run parallel job cards in a workstation,
Running,
SLA Fulfilled On Status,
SLA will be applied if {1} is set as {2}{3},
SLA will be applied on every {0},
SMS Settings,
SO Total Qty,
Sales Incoming Rate,
Sales Invoice {0} must be deleted before cancelling this Sales Order,
Sales Order Packed Item,
"Sales Order {0} already exists against Customer's Purchase Order {1}. To allow multiple Sales Orders,
Sales Partner ,
Sales Partner Item,
Sales Person <b>{0}</b> is disabled.,
Salvage Value Percentage,
Same item and warehouse combination already entered.,
Savings,
Scan Batch No,
Scan Serial No,
Scan barcode for item {0},
"Scan mode enabled,
Scanned Quantity,
Scheduled Time Logs,
Scheduler is Inactive. Can't trigger job now.,
Scheduler is Inactive. Can't trigger jobs now.,
Scheduler is inactive. Cannot enqueue job.,
Scheduler is inactive. Cannot merge accounts.,
Scheduling,
"Scorecard variables can be used,
{total_score} (the total score from that period),
{period_number} (the number of periods to present day),
",
{total_score} (o dönemdeki toplam puan),
{period_number} (bugüne kadarki dönem sayısı),
",
Scrap Asset,
Scrap Cost Per Qty,
"Search by item code,
Secondary Party,
Secondary Role,
Section,
Segregate Serial / Batch Bundle,
Select Accounting Dimension.,
Select Alternative Items for Sales Order,
Select Batch No,
Select Columns and Filters,
Select Corrective Operation,
Select Date of Birth. This will validate Employees age and prevent hiring of under-age staff.,
"Select Date of joining. It will have impact on the first salary calculation,
Select Dimension,
Select Finished Good,
Select Items for Quality Inspection,
Select Serial No,
Select Serial and Batch,
Select Time,
Select Vouchers to Match,
Select Warehouses to get Stock for Materials Planning,
Select a Company this Employee belongs to.,
Select a Customer,
Select an Item Group.,
Select an invoice to load summary data,
Select an item from each set to be used in the Sales Order.,
Select the Default Workstation where the Operation will be performed. This will be fetched in BOMs and Work Orders.,
Select the Item to be manufactured.,
"Select the Item to be manufactured. The Item name,
Select the Warehouse,
Select the date and your timezone,
Select the raw materials (Items) required to manufacture the Item,
"Select whether to get items from a Sales Order or a Material Request. For now select <b>Sales Order</b>.,
 A Production Plan can also be created manually where you can select the Items to manufacture.",
 Üretilecek Ürünleri seçebileceğiniz bir Üretim Planını kendiniz de oluşturulabilirsiniz.",
Select your weekly off day,
Selected Vouchers,
Selected date is,
Selected document must be in submitted state,
Self delivery,
Sell Asset,
Send Attached Files,
Send Document Print,
Send Emails,
Sending...,
Sequential,
Serial / Batch Bundle,
Serial / Batch Bundle Missing,
Serial / Batch No,
Serial / Batch Nos,
Serial No Ledger,
Serial No Range,
Serial No and Batch Selector cannot be use when Use Serial / Batch Fields is enabled.,
Serial No and Batch for Finished Good,
Serial No is mandatory,
Serial No {0} already exists,
Serial No {0} already scanned,
Serial No {0} does not exists,
Serial No {0} is already added,
"Serial No {0} is not present in the {1} {2},
Serial Nos,
Serial Nos / Batch Nos,
Serial Nos are created successfully,
"Serial Nos are reserved in Stock Reservation Entries,
Serial and Batch,
Serial and Batch Bundle created,
Serial and Batch Bundle updated,
Serial and Batch Bundle {0} is already used in {1} {2}.,
Serial and Batch Details,
Serial and Batch Entry,
Serial and Batch No,
Serial and Batch Nos,
Serial and Batch Nos will be auto-reserved based on <b>Pick Serial / Batch Based On</b>,
Serial and Batch Reservation,
Serial and Batch Summary,
Service Cost Per Qty,
Service Expense Total Amount,
Service Expenses,
Service Item,
Service Item Qty,
Service Item Qty / Finished Good Qty,
Service Item UOM,
Service Item {0} is disabled.,
Service Item {0} must be a non-stock item.,
Service Items,
Service Level Agreement for {0} {1} already exists.,
Service Provider,
Set Default Supplier,
Set From Warehouse,
Set Landed Cost Based on Purchase Invoice Rate,
Set Loyalty Program,
Set Operating Cost / Scrap Items From Sub-assemblies,
Set Parent Row No in Items Table,
Set Process Loss Item Quantity,
Set Project Status,
Set Quantity,
Set Response Time for Priority {0} in row {1}.,
Set Valuation Rate Based on Source Warehouse,
Set Warehouse,
Set default {0} account for non stock items,
Set fieldname from which you want to fetch the data from the parent form.,
Set quantity of process loss item:,
Set the Planned Start Date (an Estimated Date at which you want the Production to begin),
Set the status manually.,
Set {0} in asset category {1} for company {2},
Sets 'Accepted Warehouse' in each row of the Items table.,
Sets 'Rejected Warehouse' in each row of the Items table.,
Sets 'Reserve Warehouse' in each row of the Supplied Items table.,
Setting Item Locations...,
Setting {} is required,
Setup your organization,
Shelf Life in Days,
Shift Factor,
Shift Name,
Shipment,
Shipment Amount,
Shipment Delivery Note,
Shipment ID,
Shipment Information,
Shipment Parcel,
Shipment Parcel Template,
Shipment Type,
Shipment details,
Shipping Address Details,
Show Aggregate Value from Subsidiary Companies,
Show Dimension Wise Stock,
Show Disabled Warehouses,
Show Failed Logs,
Show GL Balance,
Show Item Name,
Show Ledger View,
Show Pay Button in Purchase Order Portal,
Show Preview,
Show only the Immediate Upcoming Term,
Show pending entries,
Show with upcoming revenue/expense,
"Simple Python Expression,
"Simple Python formula applied on Reading fields.<br> Numeric eg. 1: <b>reading_1 &gt; 0.2 and reading_1 &lt; 0.5</b><br>,
Numeric eg. 2: <b>mean &gt; 3.5</b> (mean of populated fields)<br>,
Value based eg.:  <b>reading_value in (""A"",
Sayısal örn. 2: <b>mean &gt; 3.5</b> (doldurulan alanların ortalaması)<br>,
Değer tabanlı örn.: <b>reading_value in (""A"",
Simultaneous,
Skipped,
Skipping Tax Withholding Category {0} as there is no associated account set for Company {1} in it.,
"Skipping {0} of {1},
Sold by,
Something went wrong please try again,
Source Exchange Rate,
Source Fieldname,
Source Warehouse Address Link,
South Africa VAT Account,
South Africa VAT Settings,
Spacer,
Split Asset,
Split From,
Split Qty,
Split qty cannot be grater than or equal to asset qty,
Splitting {0} {1} into {2} rows as per Payment Terms,
Stale Days should start from 1.,
Standard Description,
Standard Rated Expenses,
"Standard Terms and Conditions that can be added to Sales and Purchases. Examples: Validity of the offer,
Standard rated supplies in {0},
"Standard tax template that can be applied to all Purchase Transactions. This template can contain a list of tax heads and also other expense heads like ""Shipping"",
"Standard tax template that can be applied to all Sales Transactions. This template can contain a list of tax heads and also other expense/income heads like ""Shipping"",
Start / Resume,
Start Date should be lower than End Date,
Start Deletion,
Start Import,
Start Job,
Start Merge,
Start Reposting,
Start Time can't be greater than or equal to End Time for {0}.,
Started a background job to create {1} {0},
Status Illustration,
Status set to rejected as there are one or more rejected readings.,
Stock Consumed During Repair,
Stock Consumption Details,
Stock Entries already created for Work Order {0}: {1},
Stock Ledger Invariant Check,
Stock Ledger Variance,
Stock Reposting Settings,
Stock Reservation,
Stock Reservation Entries Cancelled,
Stock Reservation Entries Created,
Stock Reservation Entry cannot be updated as it has been delivered.,
"Stock Reservation Entry created against a Pick List cannot be updated. If you need to make changes,
",
Stock Reservation Warehouse Mismatch,
Stock Reservation can only be created against {0}.,
Stock Reserved Qty (in Stock UOM),
Stock UOM Quantity,
Stock and Manufacturing,
Stock cannot be reserved in group warehouse {0}.,
Stock cannot be reserved in the group warehouse {0}.,
Stock not available for Item {0} in Warehouse {1}.,
Stock quantity not enough for Item Code: {0} under warehouse {1}. Available quantity {2} {3}.,
Stock will be reserved on submission of <b>Purchase Receipt</b> created against Material Request for Sales Order.,
Stock/Accounts can not be frozen as processing of backdated entries is going on. Please try again later.,
Sub Assemblies & Raw Materials,
Sub Assembly Item,
Sub Operation,
Subcontract BOM,
Subcontract Order,
Subcontract Order Summary,
Subcontract Return,
Subcontracted Quantity,
Subcontracting BOM,
Subcontracting Order Item,
Subcontracting Order Service Item,
Subcontracting Order Supplied Item,
Subcontracting Order {0} created.,
Subcontracting Purchase Order,
Subcontracting Receipt Item,
Subcontracting Receipt Supplied Item,
Subdivision,
Submit Action Failed,
Submit After Import,
Submit Generated Invoices,
Subscription for Future dates cannot be processed.,
Succeeded,
Succeeded Entries,
"Successfully changed Stock UOM,
Successfully imported {0},
"Successfully imported {0} record out of {1}. Click on Export Errored Rows,
Successfully imported {0} record.,
"Successfully imported {0} records out of {1}. Click on Export Errored Rows,
Successfully imported {0} records.,
Successfully linked to Customer,
Successfully linked to Supplier,
Successfully merged {0} out of {1}.,
Successfully updated {0},
"Successfully updated {0} record out of {1}. Click on Export Errored Rows,
Successfully updated {0} record.,
"Successfully updated {0} records out of {1}. Click on Export Errored Rows,
Successfully updated {0} records.,
Sum of Repair Cost and Value of Consumed Stock Items.,
Supplied Item,
Supplier Address Details,
Supplier Group Item,
Supplier Info,
Supplier Item,
Supplier Portal Users,
Supplier Warehouse mandatory for sub-contracted {0},
Supplies subject to the reverse charge provision,
Sync Now,
Sync Started,
System Settings,
System will not check over billing since amount for Item {0} in {1} is zero,
TCS Amount,
TCS Rate %,
TDS Amount,
TDS Deducted,
TDS Payable,
Target Asset,
Target Asset Location,
Target Asset {0} cannot be cancelled,
Target Asset {0} cannot be submitted,
Target Asset {0} cannot be {1},
Target Asset {0} does not belong to company {1},
Target Asset {0} needs to be composite asset,
Target Batch No,
Target Exchange Rate,
Target Fieldname (Stock Ledger Entry),
Target Fixed Asset Account,
Target Has Batch No,
Target Has Serial No,
Target Incoming Rate,
Target Is Fixed Asset,
Target Item Code,
Target Item Name,
Target Item {0} must be a Fixed Asset item,
Target Qty must be a positive number,
Target Serial No,
Target Warehouse Address Link,
Target Warehouse is set for some items but the customer is not an internal customer.,
Task Assignee Email,
Task {0} depends on Task {1}. Please add Task {1} to the Tasks list.,
Tax Amount,
Tax Refunds provided to Tourists under the Tax Refunds for Tourists Scheme,
Tax Withheld Vouchers,
Tax Withholding,
Tax Withholding Category {} against Company {} for Customer {} should have Cumulative Threshold value.,
Tax Withholding Details,
Tax Withholding Net Total,
"Tax detail table fetched from item master as a string and stored in this field.,
Used for Taxes and Charges",
Vergiler ve Ücretler için kullanılır",
Tax will be withheld only for amount exceeding the cumulative threshold,
Taxes row #{0}: {1} cannot be smaller than {2},
Telephony Call Type,
Template Item Selected,
Template Options,
Template Task,
Template Warnings,
Territory Item,
The Condition '{0}' is invalid,
The Document Type {0} must have a Status field to configure Service Level Agreement,
"The GL Entries and closing balances will be processed in the background,
"The GL Entries will be cancelled in the background,
"The Payment Request {0} is already paid,
"The Pick List having Stock Reservation Entries cannot be updated. If you need to make changes,
The Process Loss Qty has reset as per job cards Process Loss Qty,
The Serial No at Row #{0}: {1} is not available in warehouse {2}.,
The Serial and Batch Bundle {0} is not valid for this transaction. The 'Type of Transaction' should be 'Outward' instead of 'Inward' in Serial and Batch Bundle {0},
The Work Order is mandatory for Disassembly Order,
The allocated amount is greater than the outstanding amount of Payment Request {0},
The currency of invoice {} ({}) is different from the currency of this dunning ({}).,
The default BOM for that item will be fetched by the system. You can also change the BOM.,
The field {0} in row {1} is not set,
The following assets have failed to automatically post depreciation entries: {0},
The following invalid Pricing Rules are deleted:,
The items {0} and {1} are present in the following {2} :,
The operation {0} can not add multiple times,
The operation {0} can not be the sub operation,
The original invoice should be consolidated before or along with the return invoice.,
The percentage you are allowed to pick more items in the pick list than the ordered quantity.,
The reserved stock will be released when you update items. Are you certain you wish to proceed?,
The reserved stock will be released. Are you certain you wish to proceed?,
"The stock has been reserved for the following Items and Warehouses,
"The sync has started in the background,
The task has been enqueued as a background job.,
"The task has been enqueued as a background job. In case there is any issue on processing in background,
The uploaded file does not match the selected Code List.,
"The users with this Role are allowed to create/modify a stock transaction,
The warehouse where you store finished Items before they are shipped.,
"The warehouse where you store your raw materials. Each required item can have a separate source warehouse. Group warehouse also can be selected as source warehouse. On submission of the Work Order,
The warehouse where your Items will be transferred when you begin production. Group Warehouse can also be selected as a Work in Progress warehouse.,
The {0} {1} is used to calculate the valuation cost for the finished good {2}.,
There are ledger entries against this account. Changing {0} to non-{1} in live system will cause incorrect output in 'Accounts {2}' report,
There are no Failed transactions,
There are no active Fiscal Years for which Demo Data can be generated.,
There are no slots available on this date,
"There are two options to maintain valuation of stock. FIFO (first in - first out) and Moving Average. To understand this topic in detail please visit <a href='https://docs.erpnext.com/docs/v13/user/manual/en/stock/articles/item-valuation-fifo-and-moving-average' target='_blank'>Item Valuation,
There aren't any item variants for the selected item,
There is already a valid Lower Deduction Certificate {0} for Supplier {1} against category {2} for this time period.,
There is already an active Subcontracting BOM {0} for the Finished Good {1}.,
There must be atleast 1 Finished Good in this Stock Entry,
There was an error creating Bank Account while linking with Plaid.,
There was an error syncing transactions.,
There was an error updating Bank Account {} while linking with Plaid.,
There was an issue connecting to Plaid's authentication server. Check browser console for more information,
There were issues unlinking payment entry {0}.,
This Account has '0' balance in either Base Currency or Account Currency,
This PO has been fully subcontracted.,
This field is used to set the 'Customer'.,
This filter will be applied to Journal Entry.,
This is a Template BOM and will be used to make the work order for {0} of the item {1},
This is considered dangerous from accounting point of view.,
"This is enabled by default. If you want to plan materials for sub-assemblies of the Item you're manufacturing leave this enabled. If you plan and manufacture the sub-assemblies separately,
"This is for raw material Items that'll be used to create finished goods. If the Item is an additional service like 'washing' that'll be used in the BOM,
This item filter has already been applied for the {0},
This option can be checked to edit the 'Posting Date' and 'Posting Time' fields.,
This schedule was created when Asset {0} was adjusted through Asset Value Adjustment {1}.,
This schedule was created when Asset {0} was repaired through Asset Repair {1}.,
This schedule was created when Asset {0} was restored.,
This schedule was created when Asset {0} was returned through Sales Invoice {1}.,
This schedule was created when Asset {0} was scrapped.,
"This table is used to set details about the 'Item',
This {} will be treated as material transfer.,
Threshold for Suggestion (In Percentage),
Time Taken to Deliver,
Time in mins,
Time slot is not available,
To Date is mandatory,
To Doctype,
To Due Date,
To Payment Date,
To Reference Date,
To add Operations tick the 'With Operations' checkbox.,
To add subcontracted Item's raw materials if include exploded items is disabled.,
To apply condition on parent field use parent.field_name and to apply condition on child table use doc.field_name. Here field_name could be based on the actual column name of the respective field.,
To be Delivered to Customer,
To cancel a {} you need to cancel the POS Closing Entry {}.,
"To enable Capital Work in Progress Accounting,
To include non-stock items in the material request planning. i.e. Items for which 'Maintain Stock' checkbox is unticked.,
"To include sub-assembly costs and scrap items in Finished Goods on a work order without using a job card,
,
",
To submit the invoice without purchase receipt please set {0} as {1} in {2},
"To use a different finance book,
Total Allocations,
Total Asset Cost,
Total Billing Hours,
Total Contribution Amount Against Invoices: {0},
Total Contribution Amount Against Orders: {0},
Total Incoming Value (Receipt),
Total Interest,
Total Issues,
Total Items,
Total Number of Booked Depreciations ,
Total Other Charges,
Total Outgoing Value (Consumption),
Total Picked Quantity {0} is more than ordered qty {1}. You can set the Over Picking Allowance in Stock Settings.,
Total Purchase Amount,
Total Purchase Cost has been updated,
Total Repair Cost,
Total Reposting Count,
Total Sales Amount,
Total Supplied Qty,
Total Time (in Mins),
Total Value,
Total Value Difference (Incoming - Outgoing),
Total Views,
Total percentage against cost centers should be 100,
Tracking Status,
Tracking Status Info,
Tracking URL,
Transaction Deletion Document: {0} is running for this Company. {1},
Transaction Deletion Record,
Transaction Deletion Record Details,
Transaction Deletion Record Item,
Transaction Exchange Rate,
Transaction currency: {0} cannot be different from Bank Account({1}) currency: {2},
Transfer Asset,
Transfer From Warehouses,
Transferring cannot be done to an Employee. Please enter location where Asset {0} has to be transferred,
Transit,
Type of Transaction,
UAE VAT Account,
UAE VAT Accounts,
UAE VAT Settings,
UOM conversion factor required for UOM: {0} in Item: {1},
Unable to find the time slot in the next {0} days for the operation {1}. Please increase the 'Capacity Planning For (Days)' in the {2}.,
Unable to find variable:,
Unassigned Qty,
"Under Working Hours table,
Unlinked,
Unrealized Profit / Loss account for intra-company transfers,
Unrealized Profit/Loss account for intra-company transfers,
Unreconcile Transaction,
Unreconciled Amount,
Unreconciled Entries,
Unreserve,
Unreserve Stock,
Unreserving Stock...,
Unset Matched Payment Request,
Up,
Update Billed Amount in Delivery Note,
Update Billed Amount in Purchase Order,
Update Billed Amount in Purchase Receipt,
Update Existing Records,
Update Outstanding for Self,
Update Total Purchase Cost,
Update stock must be enabled for the purchase invoice {0},
Update the modified timestamp on new communications received in Lead & Opportunity.,
Update timestamp on new communication,
Updated via 'Time Log' (In Minutes),
Updating Work Order status,
"Updating {0} of {1},
Upload Bank Statement,
Use 'Repost in background' button to trigger background job. Job can only be triggered when document is in Queued or Failed status.,
Use Batch-wise Valuation,
Use Company Default Round Off Cost Center,
Use Company default Cost Center for Round off,
Use HTTP Protocol,
Use Item based reposting,
Use Serial / Batch Fields,
Use Serial No / Batch Fields,
User {0}: Removed Employee Self Service role as there is no mapped employee.,
User {0}: Removed Employee role as there is no mapped employee.,
Users can enable the checkbox If they want to adjust the incoming rate (set using purchase receipt) based on the purchase invoice rate.,
Using negative stock disables FIFO/Moving average valuation when inventory is negative.,
VAT Accounts,
VAT Amount (AED),
VAT Audit Report,
VAT on Expenses and All Other Inputs,
VAT on Sales and All Other Outputs,
Valid From must be after {0} as last GL Entry against the cost center {1} posted on this date,
Validate Components and Quantities Per BOM,
Validate Negative Stock,
Validate Pricing Rule,
Validate Stock on Save,
Valuation (I - K),
Valuation Field Type,
Valuation Rate (In / Out),
Valuation rate for customer provided items has been set to zero.,
Valuation rate for the item as per Sales Invoice (Only for Internal Transfers),
Value (G - D),
Value ({0}),
Value Based Inspection,
Value Change,
Value Details,
Value as on,
Value of Goods,
Value of New Capitalized Asset,
Value of New Purchase,
Value of Scrapped Asset,
Value of Sold Asset,
Value of goods cannot be 0,
Verification failed please check the link,
Version,
Via Landed Cost Voucher,
View BOM Update Log,
View Exchange Gain/Loss Journals,
View General Ledger,
View Ledgers,
Visits,
Voice Call Settings,
Voucher,
Voucher Name,
Voucher No is mandatory,
Voucher-wise Balance,
"WARNING: Exotel app has been separated from ERPNext,
WIP Composite Asset,
Waiting for payment...,
Warehouse Capacity for Item '{0}' must be greater than the existing stock level of {1} {2}.,
Warehouse Details,
Warehouse Disabled?,
Warehouse Settings,
Warehouse {0} does not belong to Company {1}.,
"Warehouse {0} is not linked to any account,
Warehouse's Stock Value has already been booked in the following accounts:,
Warning - Row {0}: Billing Hours are more than Actual Hours,
Warning on Negative Stock,
Warning!,
Watch Video,
Website Script,
Website Theme,
Week {0} {1},
Weekly Time to send,
Weight (kg),
"When creating an Item,
Width (cm),
Withdrawal,
Work Order / Subcontract PO,
Workflow Action,
Workflow State,
Workstation Dashboard,
Workstation Status,
Workstations,
Write Off Limit,
Wrong Company,
Wrong Template,
You are importing data for the code list:,
You are not authorized to make/edit Stock Transactions for Item {0} under warehouse {1} before this time.,
You are picking more than required quantity for the item {0}. Check if there is any other pick list created for the sales order {1}.,
You can add the original invoice {} manually to proceed.,
"You can set it as a machine name or operation type. For example,
You can't make any changes to Job Card since Work Order is closed.,
You can't redeem Loyalty Points having more value than the Rounded Total.,
You cannot change the rate if BOM is mentioned against any Item.,
You cannot create a {0} within the closed Accounting Period {1},
You cannot create/amend any accounting entries till this date.,
You cannot repost item valuation before {},
You cannot {0} this document because another Period Closing Entry {1} exists after {2},
You have entered a duplicate Delivery Note on Row,
You haven't created a {0} yet,
You need to cancel POS Closing Entry {} to be able to cancel this document.,
Your Name (required),
Your email has been verified and your appointment has been scheduled,
Zero Balance,
Zero Rated,
Zero quantity,
`Allow Negative rates for Items`,
as Code,
as Description,
as Title,
as a percentage of finished item quantity,
at,
by {},
dated {0},
description,
discount applied,
doctype,
fieldname,
is already,
must be between 0 and 100,
out of 5,
payments app is not installed. Please install it from {0} or {1},
payments app is not installed. Please install it from {} or {},
performing either one below:,
product bundle item row's name in sales order. Also indicates that picked item is to be used for a product bundle,
ratings,
subscription is already cancelled.,
temporary name,
to unallocate the amount of this Return Invoice before cancelling it.,
variance,
via BOM Update Tool,
will be,
{0} <b>{1}</b> has submitted Assets. Remove Item <b>{2}</b> from table to continue.,
{0} Account not found against Customer {1}.,
{0} Account: {1} ({2}) must be in either customer billing currency: {3} or Company default currency: {4},
{0} Budget for Account {1} against {2} {3} is {4}. It {5} exceed by {6},
{0} Transaction(s) Reconciled,
{0} account is not of type {1},
{0} account not found while submitting purchase receipt,
{0} and {1},
{0} cannot be used as a Main Cost Center because it has been used as child in Cost Center Allocation {1},
{0} cannot be zero,
{0} currency must be same as company's default currency. Please select another account.,
{0} entered twice {1} in Item Taxes,
{0} is a mandatory Accounting Dimension. <br>Please set a value for {0} in Accounting Dimensions section.,
{0} is added multiple times on rows: {1},
{0} is already running for {1},
{0} is mandatory for account {1},
{0} is not running. Cannot trigger events for this Document,
{0} qty of Item {1} is being received into Warehouse {2} with capacity {3}.,
"{0} units are reserved for Item {1} in Warehouse {2},
{0} units of Item {1} is not available in any of the warehouses.,
{0} will be given as discount.,
{0} {1} Manually,
{0} {1} Partially Reconciled,
"{0} {1} cannot be updated. If you need to make changes,
{0} {1} has already been fully paid.,
{0} {1} has already been partly paid. Please use the 'Get Outstanding Invoice' or the 'Get Outstanding Orders' button to get the latest outstanding amounts.,
{0} {1} is not in any active Fiscal Year,
{0} {1} is on hold,
{0} {1} not allowed to be reposted. Modify {2} to enable reposting.,
{0} {1} via CSV File,
{0} {1}: Account {2} is a Group Account and group accounts cannot be used in transactions,
{0} {1}: Cost Center is required for 'Profit and Loss' account {2}.,
{0} {1}: Cost Center {2} is a group cost center and group cost centers cannot be used in transactions,
{0}% of total invoice value will be given as discount.,
{0}'s {1} cannot be after {2}'s Expected End Date.,
{item_name}'s Sample Size ({sample_size}) cannot be greater than the Accepted Quantity ({accepted_quantity}),
{} is a child company.,
{} {} is already linked with another {},
{} {} is already linked with {} {},
Disable auto setting Grand Total to default Payment Mode,
Do you still want to enable immutable ledger?,
Exit Full Screen,
Full Screen,
Has Corrective Cost,
Ignore Is Opening check for reporting,
Ignores legacy Is Opening field in GL Entry that allows adding opening balance post the system is in use while generating reports,
Incorrect Serial and Batch Bundle,
Mobile: ,
Negative Batch Quantity,
Only applies for Normal Payments,
Payment Reconciliation Settings,
Pickup to,
Please set {0} first.,
Please specify a {0} first.,
Posting Date Inheritance for Exchange Gain / Loss,
Printed on {0},
Process Statement Of Accounts CC,
Process Subscription,
Process in Single Transaction,
Qty to Build,
Recording HTML,
Remove SABB Entry,
Return Against Subcontracting Receipt,
Row {0}: {1} {2} cannot be same as {3} (Party Account) {4},
Row({0}): Outstanding Amount cannot be greater than actual Outstanding Amount {1} in {2},
SCO Supplied Item,
Select Job Worker Address,
Selected Serial and Batch Bundle entries have been removed.,
Stock Unreservation,
The Batch {0} has negative quantity {1} in warehouse {2}. Please correct the quantity.,
The Sales Person is linked with {0},
"The following Items,
The serial and batch bundle {0} not linked to {1} {2},
"The stock for the item {0} in the {1} warehouse was negative on the {2}. You should create a positive entry {3} before the date {4} and time {5} to post the correct valuation rate. For more details,
The total Issue / Transfer quantity {0} in Material Request {1}  cannot be greater than allowed requested quantity {2} for Item {3},
The total Issue / Transfer quantity {0} in Material Request {1} cannot be greater than requested quantity {2} for Item {3},
The user cannot submit the Serial and Batch Bundle manually,
There are only {0} asset created or linked to {1}. Please create or link {2} Assets with respective document.,
This is a preview of the email to be sent. A PDF of the document will automatically be attached with the email.,
This schedule was created when Asset {0} was consumed through Asset Capitalization {1}.,
This schedule was created when Asset {0} was restored on Asset Capitalization {1}'s cancellation.,
This schedule was created when Asset {0} was sold through Sales Invoice {1}.,
This schedule was created when Asset {0} was updated after being split into new Asset {1}.,
This schedule was created when Asset {0}'s Asset Repair {1} was cancelled.,
This schedule was created when Asset {0}'s Asset Value Adjustment {1} was cancelled.,
This schedule was created when Asset {0}'s shifts were adjusted through Asset Shift Allocation {1}.,
This schedule was created when new Asset {0} was split from Asset {1}.,
This value shall be used when no matching Common Code for a record is found.,
To submit the invoice without purchase order please set {0} as {1} in {2},
"To use a different finance book,
Type Of Call,
Voucher Qty,
Voucher {0} is over-allocated by {1},
You can't process the serial number {0} as it has already been used in the SABB {1}. {2} if you want to inward same serial number multiple times then enabled 'Allow existing Serial No to be Manufactured/Received again' in the {3},
or its descendants,
quotation_item,
{0} has Payment Term based allocation enabled. Select a Payment Term for Row #{1} in Payment References section,
{0} is a mandatory field.,
{0} items lost during process.,
{0} units of Item {1} is picked in another Pick List.,
{0} units of {1} are required in {2} with the inventory dimension: {3} ({4}) on {5} {6} for {7} to complete the transaction.,
{0} units of {1} needed in {2} on {3} {4} to complete this transaction.,
{0} {1} is allocated twice in this Bank Transaction,
{0} {1} is already linked to Common Code {2}.,
{0}: {1} does not belong to the Company: {2},
% Delivered,
"<h4>Contract Template Example</h4>,
,
<pre>Contract for Customer {{ party_name }},
,
-Valid From : {{ start_date }} ,
-Valid To : {{ end_date }},
</pre>,
,
<h4>How to get fieldnames</h4>,
,
<p>The field names you can use in your Contract Template are the fields in the Contract for which you are creating the template. You can find out the fields of any documents via Setup &gt; Customize Form View and selecting the document type (e.g. Contract)</p>,
,
<h4>Templating</h4>,
,
<p>Templates are compiled using the Jinja Templating Language. To learn more about Jinja,
,
<pre>Müşteri için Sözleşme {{ party_name }},
,
-Geçerli Başlangıç : {{ start_date }} ,
-Geçerli Bitiş : {{ end_date }},
</pre>,
,
<h4>Alan adları nasıl alınır</h4>,
,
<p>Sözleşme Şablonunuzda kullanabileceğiniz alan adları,
,
<h4>Şablonlama</h4>,
,
<p>Şablonlar Jinja Templating Language kullanılarak derlenir. Jinja hakkında daha fazla bilgi edinmek için <a class=""strong"" href=""http://jinja.pocoo.org/docs/dev/templates/"">bu belgeyi okuyun</a>.</p>",
"<h4>Standard Terms and Conditions Example</h4>,
,
<pre>Delivery Terms for Order number {{ name }},
,
-Order Date : {{ transaction_date }} ,
-Expected Delivery Date : {{ delivery_date }},
</pre>,
,
<h4>How to get fieldnames</h4>,
,
<p>The fieldnames you can use in your email template are the fields in the document from which you are sending the email. You can find out the fields of any documents via Setup &gt; Customize Form View and selecting the document type (e.g. Sales Invoice)</p>,
,
<h4>Templating</h4>,
,
<p>Templates are compiled using the Jinja Templating Language. To learn more about Jinja,
,
<pre>Sipariş numarası için Teslimat Koşulları {{ name }},
,
-Sipariş Tarihi: {{ transaction_date }} ,
-Beklenen Teslimat Tarihi: {{ delivery_date }},
</pre>,
,
<h4>Alan adları nasıl alınır</h4>,
,
<p>E-posta şablonunuzda kullanabileceğiniz alan adları,
,
<h4>Şablonlama</h4>,
,
<p>Şablonlar Jinja Şablonlama Dili kullanılarak derlenir. Jinja hakkında daha fazla bilgi edinmek için <a class=""strong"" href=""http://jinja.pocoo.org/docs/dev/templates/"">bu dokümanı okuyun.</a></p>",
<li>Item {0} in row(s) {1} billed more than {2}</li>,
<p>Cannot overbill for the following Items:</p>,
"<span class=""h4""><b>Your Shortcuts,
			,
		,
			,
		,
			,
		</b></span>",
			,
		,
			,
		,
			,
		</b></span>",
"<table class=""table table-bordered table-condensed"">,
<thead>,
  <tr>,
         <th class=""table-sr"" style=""width: 50%;"">Child Document</th>,
         <th class=""table-sr"" style=""width: 50%;"">Non Child Document</th>,
   </tr>,
</thead>,
<tbody>,
<tr>,
         <td>,
                  <p> To access parent document field use parent.fieldname and to access child table document field use doc.fieldname </p>,
,
         </td>,
         <td>,
                    <p>To access document field use doc.fieldname </p>,
         </td>,
</tr>,
<tr>,
        <td>,
                   <p><b>Example: </b> parent.doctype == ""Stock Entry"" and doc.item_code == ""Test"" </p>,
,
        </td>,
         <td>,
                   <p><b>Example: </b> doc.doctype == ""Stock Entry"" and doc.purpose == ""Manufacture""</p>    ,
          </td>,
</tr>,
,
</tbody>,
</table>,
,
,
,
,
,
,
",
<thead>,
  <tr>,
         <th class=""table-sr"" style=""width: 50%;"">Çocuk Belgesi</th>,
         <th class=""table-sr"" style=""width: 50%;"">Çocuk Olmayan Belge</th>,
   </tr>,
</thead>,
<tbody>,
<tr>,
         <td>,
                  <p> Üst belge alanına erişmek için parent.fieldname ve alt tablo belge alanına erişmek için doc.fieldname kullanın </p>,
,
         </td>,
         <td>,
                    <p>Belge alanına erişmek için doc.fieldname kullanın </p>,
         </td>,
</tr>,
<tr>,
        <td>,
                   <p><b>Örnek: </b> parent.doctype == ""Stok Girişi"" ve doc.item_code == ""Test"" </p>,
,
        </td>,
         <td>,
                   <p><b>Örnek: </b> doc.doctype == ""Stok Girişi"" ve doc.purpose == ""Üretim""</p>    ,
          </td>,
</tr>,
,
</tbody>,
</table>,
,
,
,
,
,
,
",
Accounts Receivable / Payable Tuning,
Action if Same Rate is Not Maintained Throughout  Internal Transaction,
Against Pick List,
Allow Implicit Pegged Currency Conversion,
Allow Partial Payment,
Allow Purchase Order with Zero Quantity,
Allow Quotation with Zero Quantity,
Allow Request for Quotation with Zero Quantity,
Allow Sales Order with Zero Quantity,
Allow Supplier Quotation with Zero Quantity,
Allow UOM with Conversion Rate Defined in Item,
Allow to Make Quality Inspection after Purchase / Delivery,
Allows users to submit Purchase Orders with zero quantity. Useful when rates are fixed but the quantities are not. Eg. Rate Contracts.,
Allows users to submit Quotations with zero quantity. Useful when rates are fixed but the quantities are not. Eg. Rate Contracts.,
Allows users to submit Request for Quotations with zero quantity. Useful when rates are fixed but the quantities are not. Eg. Rate Contracts.,
Allows users to submit Sales Orders with zero quantity. Useful when rates are fixed but the quantities are not. Eg. Rate Contracts.,
Allows users to submit Supplier Quotations with zero quantity. Useful when rates are fixed but the quantities are not. Eg. Rate Contracts.,
Also you can't switch back to FIFO after setting the valuation method to Moving Average for this item.,
Amount Difference with Purchase Invoice,
Amount in Words,
Analysis Chart,
Asset cannot be scrapped before the last depreciation entry.,
Auto Fetch Serial Numbers,
Auto Reconciliation has started in the background,
Auto Tax Settings Error,
Available Serial No,
Bank Account {} in Bank Transaction {} is not matching with Bank Account {},
Billing Address does not belong to the {0},
Bin Qty Recalculated,
Buffered Cursor,
Bulk Rename Jobs,
Calculate Ageing With,
Calculated Discount Mismatch,
Cannot Create Return,
Cannot create return for consolidated invoice {0}.,
Cannot disassemble more than produced quantity.,
Cannot find Item or Warehouse with this Barcode,
Categorize By,
Categorize by,
Categorize by Account,
Categorize by Item,
Categorize by Party,
Categorize by Supplier,
Categorize by Voucher,
Categorize by Voucher (Consolidated),
"Changing the valuation method to Moving Average will affect new transactions. If backdated entries are added,
Company {0} added multiple times,
Consider Process Loss,
Contact Person does not belong to the {0},
Conversion rate cannot be 0,
"Conversion rate is 1.00,
Conversion rate must be 1.00 if document currency is same as company currency,
Cost Center for Item rows has been updated to {0},
Cost of Goods Sold Account in Items Table,
Costing and Billing fields has been updated,
Create Delivery Note,
Data Fetch Method,
Delivered Qty (in Stock UOM),
Depreciation eliminated via reversal,
Difference Account in Items Table,
"Difference Account must be a Asset/Liability type account (Temporary Opening),
Discount Amount in Transaction,
Discount Percentage in Transaction,
Dispatch Address Details,
Dispatch Address Template,
Distributed Discount Amount,
Do you want to change valuation method?,
Don't Enforce Free Item Qty,
Drop Procedures,
Drops existing SQL Procedures and Function setup by Accounts Receivable report,
Employee Exit,
Employee {0} is currently working on another workstation. Please assign another employee.,
Enabling this checkbox will force each Job Card Time Log to have From Time and To Time,
Enforce Time Logs,
Enter date to scrap asset,
Fetch Latest Exchange Rate,
Fetch Timesheet in Sales Invoice,
Fetch Valuation Rate for Internal Transaction,
"For the new {0} to take effect,
Future date is not allowed,
Hide timesheets,
"If enabled,
 / Batch Bundle. ",
 / Toplu Paket oluşturulması durumunda stok hareketlerindeki seri / toplu değerleri güncellemez. ",
"If enabled,
"If enabled,
"If no taxes are set,
Incompatible Setting Detected,
Inter Company Purchase Order,
Inter Company Sales Order,
Internal Purchase Order,
Internal Sales Order,
Invalid amount in accounting entries of {} {} for Account {}: {},
Invoice ID,
Last GL Entry update was done {}. This operation is not allowed while system is actively being used. Please wait for 5 minutes before retrying.,
Last Scanned Warehouse,
Legacy Fields,
Maintain Same Rate Throughout Internal Transaction,
Naming Series is mandatory,
Net Purchase Amount,
No Purchase Orders were created,
No Selection,
No open POS Opening Entry found for POS Profile {0}.,
Non Depreciable Category,
Not able to find the earliest Fiscal Year for the given company.,
Only payment entries with apply tax withholding unchecked will be considered for checking cumulative threshold breach,
Outstanding (Company Currency),
POS Closed,
POS has been closed at {0}. Please refresh the page.,
Party Full Name,
Payment Status,
Please set Customer Address to determine if the transaction is an export.,
Please set both the Tax ID and Fiscal Code on Company {0},
Raw SQL,
Recreate Stock Ledgers,
Scheduling...,
Scrap date cannot be before purchase date,
Select Dispatch Address ,
Select the date,
Serial No (In/Out),
Set Serial and Batch Bundle Naming Based on Naming Series,
Set Valuation Rate for Rejected Materials,
Shipping Address does not belong to the {0},
Show Opening and Closing Balance,
Sub Total,
Subcontracted Purchase Order,
Subcontracting Conversion Factor,
Suspected Discount Amount,
System In Use,
"System will do an implicit conversion using the pegged currency. <br>,
Ex: Instead of AED -&gt; INR,
Örn: AED -&gt; INR yerine,
"The following batches are expired,
Total Weight (kg),
Transaction Name,
UOM {0} not found in Item {1},
UnReconcile Allocations,
